-- MariaDB dump 10.19  Distrib 10.5.12-MariaDB, for Linux (x86_64)
--
-- Host: mysql.hostinger.ro    Database: u574849695_15
-- ------------------------------------------------------
-- Server version	10.5.12-MariaDB-cll-lve

/*!40101 SET @OLD_CHARACTER_SET_CLIENT=@@CHARACTER_SET_CLIENT */;
/*!40101 SET @OLD_CHARACTER_SET_RESULTS=@@CHARACTER_SET_RESULTS */;
/*!40101 SET @OLD_COLLATION_CONNECTION=@@COLLATION_CONNECTION */;
/*!40101 SET NAMES utf8mb4 */;
/*!40103 SET @OLD_TIME_ZONE=@@TIME_ZONE */;
/*!40103 SET TIME_ZONE='+00:00' */;
/*!40014 SET @OLD_UNIQUE_CHECKS=@@UNIQUE_CHECKS, UNIQUE_CHECKS=0 */;
/*!40014 SET @OLD_FOREIGN_KEY_CHECKS=@@FOREIGN_KEY_CHECKS, FOREIGN_KEY_CHECKS=0 */;
/*!40101 SET @OLD_SQL_MODE=@@SQL_MODE, SQL_MODE='NO_AUTO_VALUE_ON_ZERO' */;
/*!40111 SET @OLD_SQL_NOTES=@@SQL_NOTES, SQL_NOTES=0 */;

--
-- Table structure for table `delo_well`
--
DROP DATABASE IF EXISTS wells;
CREATE DATABASE wells;
USE wells;

DROP TABLE IF EXISTS `delo_well`;
/*!40101 SET @saved_cs_client     = @@character_set_client */;
/*!40101 SET character_set_client = utf8 */;
CREATE TABLE `delo_well` (
  `delo_well_id` bigint(20) unsigned NOT NULL AUTO_INCREMENT,
  `date_bureniya` date DEFAULT NULL COMMENT 'дата бурения',
  `h_well` int(10) unsigned NOT NULL COMMENT 'глубина скважины',
  `h_koll` int(10) unsigned NOT NULL COMMENT 'глубина экспл. колонны',
  `diametr_koll` int(10) unsigned NOT NULL COMMENT 'диаметр экспл. колонны',
  `created_at` datetime DEFAULT current_timestamp(),
  PRIMARY KEY (`delo_well_id`),
  CONSTRAINT `uniqkey_well_id` FOREIGN KEY (`delo_well_id`) REFERENCES `well` (`id`) ON DELETE CASCADE ON UPDATE CASCADE
) ENGINE=InnoDB AUTO_INCREMENT=101 DEFAULT CHARSET=utf8mb4 COLLATE=utf8mb4_unicode_ci;
/*!40101 SET character_set_client = @saved_cs_client */;

--
-- Dumping data for table `delo_well`
--

LOCK TABLES `delo_well` WRITE;
/*!40000 ALTER TABLE `delo_well` DISABLE KEYS */;
INSERT INTO `delo_well` VALUES (1,'1994-12-02',3132,2618,149,'1974-07-31 00:39:24'),(2,'1997-03-30',3451,2626,181,'2000-03-22 20:05:44'),(3,'1994-06-09',3665,4186,168,'2015-06-23 05:41:48'),(4,'2005-08-02',2818,4239,178,'2018-03-31 04:43:08'),(5,'2001-01-01',2241,2653,149,'2002-08-17 19:14:00'),(6,'2000-02-11',3432,3579,186,'1989-09-16 02:39:05'),(7,'1974-09-06',3349,4245,158,'1985-03-23 18:13:03'),(8,'2021-07-18',4552,4280,162,'2005-07-08 18:50:57'),(9,'2010-01-11',4109,4000,211,'2017-12-28 02:34:05'),(10,'1989-05-28',2520,4098,199,'2017-12-08 00:55:57'),(11,'2011-02-06',4846,4201,172,'2018-12-29 00:40:48'),(12,'1999-05-26',2890,2967,153,'2008-12-29 23:43:31'),(13,'2010-06-06',3121,3758,203,'2015-07-26 01:16:27'),(14,'2020-12-21',4583,4815,178,'2005-11-25 01:27:04'),(15,'1988-10-12',3374,4111,167,'1987-08-11 04:20:31'),(16,'1978-02-04',2801,3530,212,'1971-02-25 14:21:46'),(17,'2012-08-24',2322,4540,170,'1989-01-14 02:30:02'),(18,'1979-03-15',2171,2358,148,'1986-02-20 10:20:17'),(19,'1980-10-11',4856,2310,178,'1977-04-09 13:02:46'),(20,'1992-01-10',4753,4355,197,'1999-06-02 13:13:17'),(21,'1994-12-14',4223,2464,150,'1993-12-11 12:42:44'),(22,'1982-01-28',2754,2755,201,'2001-05-28 03:43:34'),(23,'2001-07-08',4055,4173,159,'1990-12-29 03:05:08'),(24,'1985-07-13',2222,3834,177,'2008-08-05 02:38:19'),(25,'1995-01-23',4096,2744,218,'1991-11-23 14:23:31'),(26,'1996-05-19',2396,4574,217,'2004-01-18 20:55:53'),(27,'2010-12-16',4883,3647,194,'1975-05-04 18:46:00'),(28,'1992-08-02',3900,2100,211,'1981-07-30 15:42:57'),(29,'2010-05-23',2927,4892,184,'1997-09-30 19:05:18'),(30,'1990-10-25',2224,3261,155,'2017-03-13 02:28:50'),(31,'2016-07-21',2101,2343,205,'2001-12-03 14:16:23'),(32,'1980-04-26',2918,3356,169,'2006-11-20 19:04:38'),(33,'1997-04-18',4906,2233,168,'2009-04-27 22:19:31'),(34,'1986-03-28',2710,3852,205,'1976-10-22 19:30:01'),(35,'2002-11-30',3242,2778,176,'1982-02-07 22:48:08'),(36,'2002-11-26',4159,3154,189,'1979-01-03 20:20:33'),(37,'2000-12-17',3338,4959,164,'1999-09-13 09:29:33'),(38,'1993-05-24',2370,3549,164,'1990-10-14 19:30:42'),(39,'1978-09-20',3840,4158,212,'1992-05-28 02:22:06'),(40,'1973-09-15',3215,3587,198,'1990-11-16 09:11:13'),(41,'1982-11-14',3552,4694,203,'1973-08-10 16:25:26'),(42,'2012-07-15',3987,2889,211,'2019-09-19 15:11:58'),(43,'2009-03-08',4632,2343,179,'1996-01-13 08:32:37'),(44,'2011-01-26',2500,3196,153,'1996-09-03 13:10:15'),(45,'1998-09-06',4287,2390,177,'1976-09-13 21:22:48'),(46,'1999-05-11',4896,3414,188,'2011-10-13 17:34:23'),(47,'1997-05-23',2553,2818,184,'2003-10-17 22:17:44'),(48,'2001-11-16',3162,4387,197,'2007-12-06 09:47:24'),(49,'1989-11-09',3325,2212,217,'1970-09-05 02:04:24'),(50,'1994-03-05',4808,2048,170,'1991-06-12 17:08:58'),(51,'2022-04-28',2371,3716,185,'1990-01-06 00:36:15'),(52,'1991-11-06',2785,3434,208,'2008-12-08 07:31:34'),(53,'1990-05-12',3902,3848,219,'2000-09-05 02:03:07'),(54,'1994-10-04',3785,2425,167,'1987-02-05 20:50:53'),(55,'1978-06-20',4063,4899,171,'1992-06-29 06:33:09'),(56,'2005-07-18',3697,3845,207,'1987-05-05 13:50:30'),(57,'1994-05-12',3475,3346,206,'2001-12-20 11:42:41'),(58,'1983-08-03',2935,4691,204,'1975-11-16 12:44:12'),(59,'1984-08-31',3598,4365,221,'2017-11-11 19:56:34'),(60,'1996-09-30',3894,2213,157,'2018-07-16 12:34:03'),(61,'2002-03-31',4741,4054,170,'1998-04-09 22:09:49'),(62,'1981-06-23',2437,3557,191,'1984-07-08 07:16:40'),(63,'2016-10-13',2679,2924,178,'2010-10-15 20:27:59'),(64,'1974-05-07',3121,3843,188,'2008-01-27 18:13:02'),(65,'1995-10-23',2258,4956,180,'1979-07-13 07:58:01'),(66,'2013-07-20',3707,3559,213,'2006-12-26 08:49:02'),(67,'1991-06-27',2488,2004,220,'1993-12-16 02:02:38'),(68,'2017-10-25',4545,2520,155,'1975-08-24 20:39:26'),(69,'2021-08-28',3458,2289,165,'1993-11-01 21:16:21'),(70,'1981-07-10',2286,3830,163,'1976-11-19 12:54:39'),(71,'2020-04-15',4683,2694,206,'1988-05-02 01:13:00'),(72,'2000-02-28',4692,4147,208,'2007-12-24 18:53:12'),(73,'2009-04-27',4847,3988,221,'2014-03-18 13:29:17'),(74,'1983-12-23',2902,4151,186,'1990-05-07 09:50:18'),(75,'1987-12-20',4168,4165,185,'2020-06-25 00:03:41'),(76,'2020-02-25',3396,2305,215,'1996-02-27 23:47:23'),(77,'1978-09-19',4893,4895,154,'2001-06-14 18:55:01'),(78,'1979-09-25',3819,4962,206,'1981-07-17 14:31:22'),(79,'1978-10-12',3761,3987,161,'1990-01-17 19:48:52'),(80,'1982-12-14',2214,4288,161,'2004-07-01 07:52:47'),(81,'2009-10-21',4557,2448,210,'2011-11-06 12:55:46'),(82,'2019-11-20',3199,4675,181,'2021-03-10 03:51:42'),(83,'2002-04-03',2283,4540,166,'1972-03-12 18:05:20'),(84,'2009-10-07',2056,4761,197,'1977-02-12 17:37:22'),(85,'1988-05-26',3482,4092,168,'1973-07-18 23:18:55'),(86,'2013-05-11',4762,2027,185,'1999-08-05 22:01:38'),(87,'2002-06-24',2977,2463,175,'1970-01-01 22:15:49'),(88,'1988-05-28',3181,4384,170,'1979-10-01 23:07:28'),(89,'2007-09-11',2097,2340,174,'2009-04-18 10:15:26'),(90,'1986-09-09',2506,2626,168,'1980-07-02 14:42:27'),(91,'1996-05-11',3327,4963,172,'1979-05-24 06:05:37'),(92,'2007-10-06',2349,4453,191,'1987-10-29 01:33:01'),(93,'1975-11-30',2098,3132,151,'2009-09-22 10:01:13'),(94,'2012-07-11',3656,2090,161,'2021-09-20 15:03:01'),(95,'1994-09-28',3282,2447,179,'2021-06-01 08:39:02'),(96,'2003-08-16',3679,3846,181,'1991-06-10 14:34:02'),(97,'2012-05-26',3448,3606,168,'1980-01-02 06:33:11'),(98,'2008-11-17',3917,3266,179,'2018-06-06 04:55:33'),(99,'1982-09-08',3816,2064,152,'2004-10-10 16:11:43'),(100,'2005-11-18',3419,4556,190,'1996-08-11 14:56:59');
/*!40000 ALTER TABLE `delo_well` ENABLE KEYS */;
UNLOCK TABLES;

--
-- Table structure for table `gis`
--

DROP TABLE IF EXISTS `gis`;
/*!40101 SET @saved_cs_client     = @@character_set_client */;
/*!40101 SET character_set_client = utf8 */;
CREATE TABLE `gis` (
  `id` bigint(20) unsigned NOT NULL AUTO_INCREMENT,
  `gis_id` bigint(20) unsigned NOT NULL,
  `date_gis` date DEFAULT NULL COMMENT 'дата исследования',
  `companiya` enum('восток','запад') COLLATE utf8mb4_unicode_ci DEFAULT NULL COMMENT 'компания предоставл усл ГИС',
  `h_zaboy` int(10) unsigned NOT NULL COMMENT 'текущий забой',
  `azimut` int(10) unsigned NOT NULL,
  `nalich_koll` enum('да','нет') COLLATE utf8mb4_unicode_ci DEFAULT NULL COMMENT 'признак по коллектору',
  `nalich_neft_koll` enum('да','нет') COLLATE utf8mb4_unicode_ci DEFAULT NULL COMMENT 'признак нефти по коллектору',
  PRIMARY KEY (`id`),
  KEY `gis_id` (`gis_id`),
  CONSTRAINT `gis_ibfk_1` FOREIGN KEY (`gis_id`) REFERENCES `well` (`id`) ON DELETE CASCADE ON UPDATE CASCADE
) ENGINE=InnoDB AUTO_INCREMENT=101 DEFAULT CHARSET=utf8mb4 COLLATE=utf8mb4_unicode_ci;
/*!40101 SET character_set_client = @saved_cs_client */;

--
-- Dumping data for table `gis`
--

LOCK TABLES `gis` WRITE;
/*!40000 ALTER TABLE `gis` DISABLE KEYS */;
INSERT INTO `gis` VALUES (1,13,'2014-02-21','восток',4926,3334,'нет','да'),(2,31,'2014-07-08','запад',3508,4351,'да','нет'),(3,58,'1994-07-04','восток',4609,4085,'нет','да'),(4,52,'1992-07-24','запад',3434,4760,'да','нет'),(5,98,'1983-01-23','запад',3507,3333,'да','да'),(6,57,'1988-07-08','восток',4671,4560,'да','да'),(7,27,'2010-06-27','запад',3925,4742,'нет','да'),(8,94,'2005-07-28','запад',3875,3500,'да','да'),(9,21,'1980-09-23','восток',3280,3540,'да','нет'),(10,15,'1972-08-31','запад',4581,4639,'нет','нет'),(11,59,'2006-03-01','запад',3599,3669,'нет','да'),(12,87,'1987-07-08','запад',3205,4926,'нет','да'),(13,30,'1971-12-02','восток',4584,3002,'да','да'),(14,17,'2000-02-05','запад',4517,3437,'нет','нет'),(15,79,'2009-03-17','запад',4681,3163,'нет','нет'),(16,41,'1991-06-26','восток',4145,4689,'да','да'),(17,77,'2013-12-11','запад',3766,4149,'да','нет'),(18,54,'1991-01-25','восток',4902,4224,'да','да'),(19,39,'1975-04-03','восток',4621,3542,'да','да'),(20,25,'1995-07-30','запад',3615,4165,'да','нет'),(21,43,'1988-04-05','запад',4727,4201,'нет','нет'),(22,32,'1990-10-13','восток',3789,3518,'нет','нет'),(23,15,'2020-05-29','запад',4879,4668,'да','нет'),(24,63,'2013-01-19','запад',3212,4167,'да','да'),(25,60,'2020-01-24','восток',4441,3862,'да','нет'),(26,76,'1998-10-29','запад',4597,4564,'да','да'),(27,22,'1983-03-20','запад',4507,3157,'да','да'),(28,99,'2014-08-24','восток',4348,4583,'нет','да'),(29,65,'1981-08-22','восток',4534,3869,'да','да'),(30,13,'1991-09-01','запад',3352,3476,'да','да'),(31,86,'1977-05-14','запад',3643,4708,'нет','нет'),(32,78,'1989-09-13','восток',4626,4380,'нет','да'),(33,44,'1994-11-07','запад',3447,4667,'да','да'),(34,43,'1978-01-21','запад',4843,3434,'да','да'),(35,29,'1996-12-28','восток',4505,3479,'нет','нет'),(36,41,'1993-07-07','запад',4776,3642,'нет','нет'),(37,100,'1971-08-01','восток',4762,3776,'нет','нет'),(38,56,'1973-06-29','восток',3687,4593,'нет','да'),(39,34,'2017-07-31','восток',3523,3718,'да','нет'),(40,20,'2001-11-02','восток',3731,4289,'да','да'),(41,70,'2002-05-28','восток',4255,4124,'нет','нет'),(42,93,'2021-05-27','восток',3621,3305,'да','нет'),(43,6,'1976-09-07','запад',4585,4132,'нет','да'),(44,99,'2016-10-29','запад',3515,3696,'да','нет'),(45,10,'1999-01-10','запад',3545,3811,'нет','нет'),(46,84,'1973-01-21','восток',4061,3199,'нет','нет'),(47,40,'2002-05-02','запад',4396,3228,'нет','нет'),(48,87,'1988-11-04','запад',4317,3788,'нет','да'),(49,37,'1979-08-26','восток',3298,3531,'да','нет'),(50,79,'1999-01-08','запад',3662,3098,'нет','нет'),(51,11,'2021-10-25','запад',4424,3631,'да','нет'),(52,80,'2008-06-09','восток',3617,3116,'нет','да'),(53,10,'2009-09-08','восток',3979,4665,'нет','нет'),(54,26,'1991-07-15','запад',3671,3737,'да','нет'),(55,42,'2012-07-18','восток',3639,4205,'да','нет'),(56,70,'1994-10-19','восток',3910,3822,'да','нет'),(57,2,'2014-08-27','запад',4348,4759,'да','нет'),(58,63,'2003-05-21','запад',4053,4874,'да','нет'),(59,68,'1973-11-14','восток',3492,3156,'да','нет'),(60,66,'1982-12-03','запад',3215,4422,'нет','нет'),(61,76,'2013-04-02','запад',4293,3773,'да','да'),(62,53,'1993-06-23','восток',3903,3939,'нет','нет'),(63,44,'2000-05-22','восток',4650,3971,'да','да'),(64,19,'1977-10-16','запад',3855,3530,'да','да'),(65,96,'1970-06-12','запад',3953,3583,'да','да'),(66,73,'2012-10-11','восток',3826,4314,'да','нет'),(67,59,'1977-02-28','запад',3514,4838,'нет','нет'),(68,95,'2017-02-01','восток',4249,4165,'да','нет'),(69,28,'2015-06-16','запад',4202,4806,'нет','нет'),(70,93,'2014-05-15','запад',4924,4362,'нет','нет'),(71,14,'2001-09-05','запад',3690,3103,'нет','да'),(72,97,'2018-09-20','запад',4754,3797,'нет','да'),(73,85,'1970-12-26','восток',3672,3661,'нет','нет'),(74,20,'2008-05-15','восток',4238,4173,'да','нет'),(75,96,'1997-07-04','восток',3670,3027,'да','да'),(76,95,'1983-09-25','восток',4262,4514,'нет','да'),(77,3,'2011-09-18','запад',3166,3277,'да','нет'),(78,36,'1993-09-08','восток',3886,4377,'нет','да'),(79,81,'2005-07-21','запад',3541,3443,'да','нет'),(80,40,'1989-12-14','запад',3659,3364,'да','да'),(81,14,'1989-04-06','запад',4434,4417,'да','нет'),(82,92,'1974-12-21','запад',4536,3128,'нет','да'),(83,19,'1972-06-02','запад',4198,4962,'да','да'),(84,24,'2019-01-28','запад',3742,4206,'нет','да'),(85,17,'2004-11-13','запад',3646,4742,'да','да'),(86,61,'1997-12-31','запад',4943,4674,'нет','да'),(87,93,'1982-02-16','восток',3020,4830,'нет','нет'),(88,18,'2017-03-19','запад',4066,3678,'да','нет'),(89,24,'2011-09-25','восток',4085,4171,'да','нет'),(90,61,'2006-12-07','запад',3606,4456,'да','нет'),(91,84,'1974-04-23','запад',3013,4322,'да','нет'),(92,99,'2003-04-08','запад',3056,4905,'нет','нет'),(93,13,'1985-02-05','запад',3935,4185,'да','нет'),(94,28,'2015-02-12','запад',4226,4944,'да','нет'),(95,18,'1994-09-08','запад',3673,4187,'да','да'),(96,9,'2005-11-01','запад',4974,3735,'да','нет'),(97,100,'1997-01-02','восток',3170,4496,'да','да'),(98,76,'1982-01-20','запад',4951,3887,'да','да'),(99,4,'2020-03-10','восток',4604,4788,'да','нет'),(100,27,'2008-12-23','запад',4313,4905,'нет','нет');
/*!40000 ALTER TABLE `gis` ENABLE KEYS */;
UNLOCK TABLES;

--
-- Table structure for table `hal`
--

DROP TABLE IF EXISTS `hal`;
/*!40101 SET @saved_cs_client     = @@character_set_client */;
/*!40101 SET character_set_client = utf8 */;
CREATE TABLE `hal` (
  `id` bigint(20) unsigned NOT NULL AUTO_INCREMENT,
  `hal_id` bigint(20) unsigned NOT NULL,
  `date_hall` date DEFAULT NULL COMMENT 'дата замера',
  `obvod` int(10) unsigned DEFAULT NULL COMMENT 'обводненноость',
  `metod` enum('центр','осадк') COLLATE utf8mb4_unicode_ci DEFAULT NULL COMMENT 'метод анализа',
  PRIMARY KEY (`id`),
  KEY `hal_id` (`hal_id`),
  CONSTRAINT `hal_ibfk_1` FOREIGN KEY (`hal_id`) REFERENCES `well` (`id`) ON DELETE CASCADE ON UPDATE CASCADE
) ENGINE=InnoDB AUTO_INCREMENT=501 DEFAULT CHARSET=utf8mb4 COLLATE=utf8mb4_unicode_ci;
/*!40101 SET character_set_client = @saved_cs_client */;

--
-- Dumping data for table `hal`
--

LOCK TABLES `hal` WRITE;
/*!40000 ALTER TABLE `hal` DISABLE KEYS */;
INSERT INTO `hal` VALUES (1,89,'2008-12-08',48,'центр'),(2,20,'1994-04-05',49,'осадк'),(3,95,'2021-06-22',65,'осадк'),(4,41,'1995-02-01',59,'центр'),(5,58,'2008-09-16',22,'осадк'),(6,54,'2004-10-08',57,'осадк'),(7,95,'1987-10-08',38,'центр'),(8,1,'1975-07-08',50,'центр'),(9,78,'2017-04-06',71,'центр'),(10,78,'1989-01-24',17,'центр'),(11,7,'1974-09-12',47,'осадк'),(12,89,'1974-01-01',47,'центр'),(13,87,'1981-01-17',24,'осадк'),(14,84,'1996-09-20',37,'осадк'),(15,24,'1971-07-16',71,'центр'),(16,14,'1988-12-20',10,'центр'),(17,91,'1993-04-26',77,'осадк'),(18,42,'2019-05-20',69,'осадк'),(19,32,'2002-07-11',74,'осадк'),(20,67,'2016-04-26',13,'осадк'),(21,90,'1998-03-27',50,'осадк'),(22,5,'2011-11-13',46,'центр'),(23,16,'1982-01-15',47,'центр'),(24,66,'1980-05-22',38,'осадк'),(25,20,'2014-03-29',91,'осадк'),(26,6,'2008-08-01',47,'центр'),(27,60,'2021-06-30',34,'осадк'),(28,64,'1995-03-16',60,'осадк'),(29,69,'2001-03-11',41,'центр'),(30,43,'1973-01-05',78,'центр'),(31,21,'1981-08-02',57,'центр'),(32,57,'2007-10-07',97,'осадк'),(33,62,'2002-12-29',58,'центр'),(34,15,'2003-04-09',17,'осадк'),(35,97,'1990-01-07',88,'центр'),(36,19,'1987-05-07',28,'осадк'),(37,69,'1984-10-27',92,'центр'),(38,92,'1999-06-17',47,'осадк'),(39,20,'1972-09-17',16,'центр'),(40,47,'2013-08-30',99,'центр'),(41,69,'2014-11-18',8,'центр'),(42,27,'2001-03-27',53,'осадк'),(43,35,'1981-03-16',1,'осадк'),(44,56,'1981-04-13',3,'центр'),(45,11,'2020-03-12',20,'центр'),(46,59,'2006-11-19',66,'осадк'),(47,70,'1981-08-17',43,'осадк'),(48,1,'1973-07-19',10,'центр'),(49,100,'1999-02-10',39,'центр'),(50,1,'1996-02-21',23,'центр'),(51,68,'1978-03-23',43,'центр'),(52,90,'2003-01-30',10,'центр'),(53,6,'1991-01-29',0,'осадк'),(54,83,'2010-06-03',0,'осадк'),(55,55,'1972-11-22',77,'осадк'),(56,25,'2008-01-07',70,'центр'),(57,88,'1991-10-15',23,'центр'),(58,14,'1984-07-31',55,'центр'),(59,88,'2006-08-22',42,'осадк'),(60,57,'2020-10-07',93,'центр'),(61,56,'1985-10-05',72,'осадк'),(62,9,'2011-10-08',11,'осадк'),(63,14,'1971-09-18',37,'центр'),(64,17,'1998-04-07',97,'центр'),(65,24,'2010-06-30',30,'центр'),(66,10,'1988-07-17',35,'центр'),(67,35,'2006-03-12',40,'осадк'),(68,93,'1983-08-11',50,'центр'),(69,2,'2020-02-17',77,'осадк'),(70,55,'2004-08-18',69,'центр'),(71,40,'2005-09-01',32,'центр'),(72,70,'2006-03-03',16,'центр'),(73,81,'1989-04-26',78,'осадк'),(74,74,'1986-10-23',80,'осадк'),(75,26,'2017-06-20',95,'центр'),(76,91,'1993-11-09',51,'осадк'),(77,33,'2002-10-09',69,'центр'),(78,95,'2014-03-14',94,'осадк'),(79,92,'2017-09-21',22,'осадк'),(80,33,'1971-04-21',84,'осадк'),(81,96,'2018-11-20',8,'осадк'),(82,59,'1989-12-28',23,'центр'),(83,22,'1998-10-31',75,'центр'),(84,1,'1995-05-17',61,'центр'),(85,42,'1999-07-14',35,'осадк'),(86,76,'1995-02-12',90,'центр'),(87,26,'1981-04-19',6,'центр'),(88,30,'1996-08-14',17,'центр'),(89,89,'1977-03-18',48,'осадк'),(90,14,'2021-11-22',95,'центр'),(91,86,'1987-09-16',49,'осадк'),(92,44,'2000-10-29',19,'осадк'),(93,23,'2010-04-28',48,'центр'),(94,99,'1985-03-22',35,'осадк'),(95,61,'1993-05-10',62,'центр'),(96,46,'2022-05-14',62,'осадк'),(97,9,'1989-03-26',86,'центр'),(98,96,'2001-07-03',83,'осадк'),(99,39,'1996-06-17',98,'центр'),(100,10,'1997-01-30',78,'осадк'),(101,50,'1992-03-10',1,'центр'),(102,78,'1973-06-25',74,'центр'),(103,80,'2022-04-19',51,'осадк'),(104,31,'2022-05-05',62,'центр'),(105,51,'1997-11-15',45,'осадк'),(106,6,'2015-08-22',24,'осадк'),(107,22,'1977-04-07',89,'осадк'),(108,84,'1992-10-14',46,'центр'),(109,100,'2020-01-03',99,'осадк'),(110,14,'1997-04-11',24,'центр'),(111,16,'2010-02-28',52,'центр'),(112,96,'1981-05-25',59,'центр'),(113,72,'2005-12-14',67,'осадк'),(114,38,'1979-12-13',49,'осадк'),(115,97,'2007-03-08',34,'осадк'),(116,13,'1984-09-09',89,'осадк'),(117,13,'2012-09-16',99,'центр'),(118,22,'1972-11-08',11,'осадк'),(119,42,'2014-06-27',61,'осадк'),(120,2,'1984-02-05',48,'центр'),(121,36,'1998-06-15',89,'осадк'),(122,28,'2014-11-12',54,'центр'),(123,46,'2009-06-09',63,'осадк'),(124,58,'2019-11-19',98,'осадк'),(125,26,'2018-05-16',40,'осадк'),(126,6,'1972-10-29',68,'центр'),(127,3,'1986-06-09',100,'осадк'),(128,35,'2015-02-17',41,'осадк'),(129,2,'1997-08-21',32,'осадк'),(130,41,'1975-02-14',49,'осадк'),(131,44,'2017-09-26',5,'осадк'),(132,52,'2005-12-27',74,'осадк'),(133,18,'2014-10-07',86,'осадк'),(134,24,'2002-11-23',88,'центр'),(135,82,'2005-05-24',34,'центр'),(136,69,'2002-12-09',49,'осадк'),(137,29,'1999-07-10',58,'центр'),(138,4,'1994-05-22',10,'центр'),(139,53,'1988-02-04',10,'осадк'),(140,29,'2018-06-15',47,'центр'),(141,17,'1975-11-24',70,'центр'),(142,68,'1979-05-16',7,'осадк'),(143,25,'2017-04-04',18,'осадк'),(144,89,'1980-09-16',12,'центр'),(145,5,'2015-03-19',64,'центр'),(146,21,'2015-10-02',57,'осадк'),(147,2,'1989-12-12',67,'осадк'),(148,18,'1997-12-30',71,'центр'),(149,43,'2006-04-17',62,'центр'),(150,43,'1983-07-20',23,'осадк'),(151,19,'2006-07-30',15,'центр'),(152,78,'2018-10-07',97,'центр'),(153,71,'2021-12-11',31,'центр'),(154,65,'2001-02-16',28,'центр'),(155,35,'1983-10-26',65,'центр'),(156,96,'2021-05-20',8,'центр'),(157,70,'2000-02-24',37,'центр'),(158,38,'2010-12-22',41,'центр'),(159,31,'1986-06-13',91,'осадк'),(160,72,'1991-10-03',73,'осадк'),(161,79,'1994-12-12',60,'центр'),(162,75,'2003-05-01',21,'осадк'),(163,23,'1998-05-27',45,'осадк'),(164,97,'1986-04-12',62,'центр'),(165,98,'2018-01-06',25,'осадк'),(166,5,'1985-12-15',98,'центр'),(167,66,'1992-12-24',28,'осадк'),(168,27,'1989-04-13',69,'осадк'),(169,8,'1982-01-05',57,'осадк'),(170,18,'1975-05-21',16,'осадк'),(171,56,'1998-04-24',63,'осадк'),(172,24,'1987-06-29',92,'осадк'),(173,86,'1976-10-05',53,'осадк'),(174,80,'2005-10-24',45,'осадк'),(175,13,'1973-09-07',12,'осадк'),(176,91,'1990-08-14',49,'центр'),(177,100,'2008-07-14',68,'центр'),(178,14,'2006-02-24',3,'центр'),(179,9,'2007-01-25',49,'осадк'),(180,43,'2015-12-23',41,'центр'),(181,57,'1987-11-23',39,'осадк'),(182,27,'2009-10-11',82,'осадк'),(183,20,'1988-06-21',3,'осадк'),(184,27,'2015-03-10',72,'центр'),(185,92,'2008-08-12',68,'осадк'),(186,55,'2000-03-31',10,'центр'),(187,23,'1988-03-29',56,'осадк'),(188,61,'1974-07-16',40,'осадк'),(189,93,'1989-05-10',94,'осадк'),(190,53,'2014-01-12',5,'осадк'),(191,32,'1990-02-07',37,'центр'),(192,71,'2016-01-14',14,'осадк'),(193,27,'2001-02-03',19,'центр'),(194,55,'2021-01-19',48,'центр'),(195,68,'1998-08-15',25,'центр'),(196,24,'1987-03-08',55,'осадк'),(197,59,'1974-10-25',41,'осадк'),(198,33,'1974-05-16',47,'центр'),(199,51,'1976-10-22',90,'центр'),(200,66,'2010-10-23',98,'центр'),(201,51,'2016-05-18',4,'центр'),(202,6,'1983-01-26',27,'центр'),(203,90,'1999-10-29',95,'центр'),(204,37,'1985-10-19',43,'осадк'),(205,85,'1980-06-08',76,'центр'),(206,2,'2020-09-20',74,'центр'),(207,27,'2017-12-11',29,'осадк'),(208,85,'1986-09-27',54,'осадк'),(209,15,'2000-06-18',15,'осадк'),(210,35,'1978-07-25',53,'центр'),(211,28,'2013-12-21',1,'центр'),(212,71,'2009-01-27',43,'осадк'),(213,62,'2016-09-08',76,'центр'),(214,48,'2015-04-03',9,'центр'),(215,98,'1985-09-15',19,'осадк'),(216,53,'1985-05-01',85,'центр'),(217,2,'1993-02-28',81,'центр'),(218,20,'1981-08-31',54,'осадк'),(219,14,'1998-07-01',86,'осадк'),(220,95,'1997-10-05',35,'осадк'),(221,72,'1987-09-07',64,'центр'),(222,46,'1983-02-11',55,'осадк'),(223,65,'1971-04-22',44,'осадк'),(224,98,'1980-11-23',33,'центр'),(225,100,'1994-08-29',25,'осадк'),(226,33,'2017-12-26',10,'центр'),(227,22,'2020-08-19',58,'осадк'),(228,58,'1985-07-04',2,'центр'),(229,66,'1999-03-05',41,'осадк'),(230,73,'2021-12-11',50,'центр'),(231,24,'2011-11-30',63,'центр'),(232,16,'1983-04-18',6,'центр'),(233,78,'1981-06-05',28,'центр'),(234,13,'2019-01-19',33,'центр'),(235,53,'2021-01-02',44,'осадк'),(236,63,'1991-05-15',59,'центр'),(237,15,'2021-02-24',96,'осадк'),(238,79,'1981-05-04',48,'осадк'),(239,48,'2007-09-22',31,'центр'),(240,30,'1992-06-14',6,'центр'),(241,14,'2013-08-28',86,'осадк'),(242,75,'1988-06-10',5,'центр'),(243,1,'2003-08-19',63,'осадк'),(244,76,'1993-04-19',27,'центр'),(245,22,'1971-08-19',41,'осадк'),(246,98,'2010-04-13',15,'осадк'),(247,28,'1976-05-04',26,'центр'),(248,24,'2004-08-14',85,'центр'),(249,17,'2009-12-01',96,'осадк'),(250,42,'1995-05-25',90,'центр'),(251,18,'1996-10-07',74,'центр'),(252,89,'2012-10-19',7,'осадк'),(253,87,'1973-04-11',62,'центр'),(254,83,'2005-10-27',6,'центр'),(255,87,'1989-03-05',93,'осадк'),(256,87,'1976-11-27',95,'центр'),(257,15,'1985-03-15',22,'осадк'),(258,9,'2019-07-21',71,'центр'),(259,44,'1995-10-25',35,'центр'),(260,81,'1984-03-01',40,'центр'),(261,81,'2017-12-21',86,'центр'),(262,68,'1970-05-10',66,'осадк'),(263,97,'2013-05-30',34,'центр'),(264,59,'1975-01-06',23,'осадк'),(265,81,'1972-08-28',47,'осадк'),(266,49,'2003-08-20',32,'осадк'),(267,21,'2022-01-29',47,'осадк'),(268,95,'2009-10-26',65,'осадк'),(269,28,'1970-11-16',80,'осадк'),(270,69,'1997-10-10',46,'осадк'),(271,25,'1998-01-27',34,'осадк'),(272,41,'1991-07-27',55,'центр'),(273,44,'2003-11-15',34,'осадк'),(274,25,'2010-07-01',83,'осадк'),(275,16,'2013-10-23',14,'осадк'),(276,65,'1975-04-19',20,'центр'),(277,23,'2002-08-28',65,'осадк'),(278,44,'1979-12-30',20,'центр'),(279,89,'2012-04-02',36,'центр'),(280,40,'1975-04-07',68,'осадк'),(281,85,'2014-03-07',15,'осадк'),(282,6,'2004-03-04',31,'центр'),(283,28,'1975-10-06',85,'осадк'),(284,71,'1984-05-04',43,'осадк'),(285,88,'2009-12-12',51,'осадк'),(286,14,'2005-01-29',43,'центр'),(287,58,'1972-03-27',21,'центр'),(288,3,'1970-10-30',90,'осадк'),(289,22,'1978-08-27',84,'центр'),(290,1,'2009-10-20',82,'осадк'),(291,83,'1974-04-16',52,'центр'),(292,3,'1990-07-06',54,'осадк'),(293,69,'1972-05-29',69,'центр'),(294,79,'1972-07-10',68,'центр'),(295,61,'2014-04-25',54,'осадк'),(296,49,'2022-06-07',93,'осадк'),(297,28,'2010-09-23',72,'осадк'),(298,82,'1975-10-13',17,'осадк'),(299,44,'2007-03-07',47,'осадк'),(300,55,'1982-06-10',41,'осадк'),(301,50,'1990-06-16',77,'центр'),(302,69,'2012-06-17',66,'центр'),(303,95,'1991-09-19',43,'центр'),(304,93,'1986-09-30',74,'центр'),(305,93,'1974-03-19',57,'центр'),(306,11,'1971-10-19',32,'центр'),(307,58,'1985-12-11',34,'центр'),(308,16,'1970-02-19',64,'центр'),(309,54,'1974-09-28',89,'осадк'),(310,46,'2021-05-20',90,'осадк'),(311,55,'1970-03-23',76,'центр'),(312,38,'1973-11-13',23,'центр'),(313,51,'1973-11-18',13,'центр'),(314,83,'2020-01-28',99,'осадк'),(315,9,'2017-05-13',23,'центр'),(316,39,'2012-07-10',29,'центр'),(317,97,'1981-09-17',95,'центр'),(318,66,'2011-07-22',48,'центр'),(319,42,'1978-10-27',35,'осадк'),(320,19,'1981-12-27',4,'осадк'),(321,67,'2021-02-03',77,'центр'),(322,25,'1985-06-04',1,'центр'),(323,21,'1987-03-10',69,'центр'),(324,35,'1976-05-30',10,'осадк'),(325,4,'1991-02-04',47,'осадк'),(326,81,'1987-01-09',73,'центр'),(327,84,'1974-06-13',91,'осадк'),(328,31,'1980-05-02',37,'осадк'),(329,63,'1982-10-07',5,'центр'),(330,28,'2011-06-09',34,'центр'),(331,85,'2000-01-31',9,'центр'),(332,12,'1984-08-31',27,'центр'),(333,96,'1991-02-13',7,'осадк'),(334,80,'1970-07-21',1,'центр'),(335,5,'1988-12-09',70,'осадк'),(336,89,'1974-10-12',45,'осадк'),(337,90,'2014-07-21',41,'центр'),(338,62,'1992-03-20',58,'центр'),(339,4,'2006-04-14',53,'центр'),(340,44,'1999-01-14',95,'осадк'),(341,8,'1983-01-11',15,'осадк'),(342,59,'1971-08-30',85,'центр'),(343,81,'1982-10-05',48,'осадк'),(344,59,'2014-01-19',62,'осадк'),(345,41,'1984-02-01',96,'осадк'),(346,90,'1971-08-14',66,'осадк'),(347,97,'2016-04-11',65,'центр'),(348,37,'2014-06-22',56,'осадк'),(349,55,'2018-04-24',98,'осадк'),(350,39,'1991-10-09',69,'осадк'),(351,55,'2011-11-02',81,'осадк'),(352,22,'1997-02-22',93,'центр'),(353,64,'1987-02-04',71,'осадк'),(354,75,'1973-05-01',14,'центр'),(355,57,'1983-12-07',28,'центр'),(356,67,'1996-07-11',45,'центр'),(357,56,'2007-05-11',74,'центр'),(358,40,'1973-09-13',17,'осадк'),(359,98,'1985-05-10',59,'центр'),(360,18,'2016-06-25',47,'центр'),(361,67,'2019-03-01',22,'осадк'),(362,82,'1977-02-10',69,'осадк'),(363,30,'1990-02-21',47,'осадк'),(364,62,'2017-10-08',98,'осадк'),(365,62,'2013-12-18',39,'осадк'),(366,34,'2012-12-27',70,'осадк'),(367,51,'2019-05-22',53,'осадк'),(368,52,'1997-06-23',77,'центр'),(369,96,'2022-09-07',72,'осадк'),(370,54,'1984-02-12',40,'центр'),(371,95,'2015-05-24',40,'центр'),(372,3,'2021-03-31',13,'центр'),(373,12,'1981-09-23',32,'осадк'),(374,75,'1991-06-15',7,'центр'),(375,61,'1970-06-08',70,'осадк'),(376,53,'1991-11-04',49,'осадк'),(377,65,'1985-12-21',87,'центр'),(378,58,'2020-06-02',28,'осадк'),(379,89,'1998-06-11',88,'центр'),(380,20,'2020-03-24',96,'осадк'),(381,96,'2012-11-28',0,'центр'),(382,44,'2010-01-19',84,'центр'),(383,41,'1980-02-29',25,'центр'),(384,59,'1997-10-26',60,'центр'),(385,18,'2004-06-06',45,'центр'),(386,97,'1986-11-18',63,'центр'),(387,26,'1979-01-10',12,'осадк'),(388,74,'1989-09-04',82,'центр'),(389,37,'2001-03-05',12,'осадк'),(390,23,'1997-11-05',41,'центр'),(391,92,'2007-07-12',64,'осадк'),(392,3,'2004-12-20',76,'центр'),(393,5,'1970-12-27',94,'центр'),(394,21,'1975-12-26',66,'осадк'),(395,65,'1997-02-26',64,'осадк'),(396,66,'2000-06-13',88,'осадк'),(397,55,'1977-05-04',4,'осадк'),(398,15,'2002-11-07',12,'осадк'),(399,17,'2022-06-30',35,'центр'),(400,50,'1974-05-03',92,'осадк'),(401,69,'2018-09-17',10,'осадк'),(402,12,'1970-02-01',29,'центр'),(403,52,'1993-02-10',34,'центр'),(404,81,'2013-08-24',28,'центр'),(405,87,'1989-06-02',16,'центр'),(406,13,'2019-01-11',99,'осадк'),(407,33,'2013-06-08',4,'осадк'),(408,51,'1972-04-03',76,'осадк'),(409,70,'2012-02-10',6,'осадк'),(410,21,'1984-04-24',82,'центр'),(411,70,'2021-04-10',42,'осадк'),(412,66,'2021-09-28',44,'осадк'),(413,64,'1975-12-20',94,'осадк'),(414,10,'1996-07-27',68,'центр'),(415,25,'1974-06-23',17,'центр'),(416,82,'1972-06-11',56,'осадк'),(417,7,'1986-12-27',45,'осадк'),(418,50,'2003-06-08',69,'центр'),(419,56,'2000-10-23',11,'центр'),(420,43,'2013-08-02',18,'центр'),(421,73,'1976-06-25',61,'осадк'),(422,47,'1988-08-21',23,'центр'),(423,46,'1983-05-31',93,'осадк'),(424,77,'2019-08-25',9,'осадк'),(425,67,'2019-12-22',40,'центр'),(426,11,'2015-08-19',28,'центр'),(427,43,'2005-11-01',80,'осадк'),(428,22,'1975-08-07',17,'осадк'),(429,25,'2001-12-17',66,'осадк'),(430,60,'2009-10-24',97,'центр'),(431,71,'2014-01-26',70,'центр'),(432,94,'2002-08-14',63,'центр'),(433,71,'2022-07-14',67,'осадк'),(434,23,'2017-02-02',5,'осадк'),(435,74,'1985-12-31',23,'осадк'),(436,57,'1990-05-21',25,'центр'),(437,35,'1995-06-17',4,'осадк'),(438,6,'1996-07-28',70,'центр'),(439,7,'1972-05-03',24,'осадк'),(440,5,'1978-07-30',64,'осадк'),(441,27,'2005-09-20',19,'центр'),(442,77,'1994-01-14',95,'осадк'),(443,70,'2017-01-27',69,'центр'),(444,91,'2001-07-24',27,'осадк'),(445,87,'2003-05-15',93,'осадк'),(446,95,'2003-07-02',40,'осадк'),(447,73,'2016-12-16',10,'центр'),(448,93,'2012-12-30',42,'осадк'),(449,44,'1979-07-16',4,'осадк'),(450,28,'2021-02-15',7,'осадк'),(451,36,'1985-09-26',59,'центр'),(452,17,'2020-09-17',45,'осадк'),(453,75,'2000-03-31',43,'центр'),(454,81,'1989-06-08',15,'осадк'),(455,93,'2013-09-03',97,'осадк'),(456,42,'1982-08-26',80,'центр'),(457,91,'1971-04-10',93,'центр'),(458,36,'1995-10-15',64,'центр'),(459,63,'2005-07-09',96,'осадк'),(460,16,'2011-08-11',76,'центр'),(461,95,'1981-02-24',13,'центр'),(462,33,'2009-04-21',45,'осадк'),(463,10,'2012-01-14',87,'осадк'),(464,66,'2007-05-04',25,'центр'),(465,56,'1981-04-02',74,'осадк'),(466,83,'2012-07-19',42,'центр'),(467,23,'1974-01-08',14,'центр'),(468,90,'1977-03-19',51,'осадк'),(469,89,'1987-07-30',38,'центр'),(470,30,'2017-01-12',65,'осадк'),(471,94,'2014-11-21',41,'осадк'),(472,15,'1987-08-13',51,'осадк'),(473,6,'1999-02-09',30,'осадк'),(474,64,'2011-11-08',61,'осадк'),(475,6,'2012-06-11',12,'центр'),(476,92,'1970-01-29',70,'центр'),(477,58,'2017-05-28',86,'центр'),(478,78,'1978-12-04',83,'центр'),(479,85,'1983-07-08',100,'центр'),(480,2,'2017-07-12',46,'осадк'),(481,6,'1975-01-01',23,'центр'),(482,20,'1995-08-26',13,'осадк'),(483,18,'2004-08-16',40,'осадк'),(484,80,'2017-05-08',19,'осадк'),(485,1,'1979-01-26',67,'осадк'),(486,11,'2000-08-02',22,'осадк'),(487,21,'1996-09-02',25,'центр'),(488,92,'1974-09-13',33,'осадк'),(489,47,'2004-07-26',19,'центр'),(490,83,'2000-10-18',28,'осадк'),(491,8,'2014-04-19',39,'центр'),(492,42,'2013-02-07',75,'осадк'),(493,16,'2012-07-01',93,'осадк'),(494,17,'2015-11-17',85,'центр'),(495,7,'2015-08-23',34,'осадк'),(496,71,'2001-11-12',44,'осадк'),(497,100,'2017-07-26',32,'центр'),(498,29,'2022-05-07',61,'центр'),(499,61,'1978-07-21',47,'центр'),(500,88,'1993-11-13',7,'центр');
/*!40000 ALTER TABLE `hal` ENABLE KEYS */;
UNLOCK TABLES;

--
-- Table structure for table `mer`
--

DROP TABLE IF EXISTS `mer`;
/*!40101 SET @saved_cs_client     = @@character_set_client */;
/*!40101 SET character_set_client = utf8 */;
CREATE TABLE `mer` (
  `id` bigint(20) unsigned NOT NULL AUTO_INCREMENT,
  `mer_id` bigint(20) unsigned NOT NULL,
  `date_mer` date DEFAULT NULL COMMENT 'дата замера',
  `debit_gidk` int(10) unsigned DEFAULT NULL COMMENT 'дебит жидкости',
  `debit_neft` double DEFAULT NULL COMMENT 'дебит нефти',
  `obvod` int(10) unsigned DEFAULT NULL COMMENT 'обводненноость',
  `time_work` int(11) DEFAULT NULL COMMENT 'время работы',
  `metod` enum('ЭЦН','ФОНТАН') COLLATE utf8mb4_unicode_ci DEFAULT NULL COMMENT 'наличие оборудования',
  PRIMARY KEY (`id`),
  KEY `mer_id` (`mer_id`),
  CONSTRAINT `mer_ibfk_1` FOREIGN KEY (`mer_id`) REFERENCES `well` (`id`) ON DELETE CASCADE ON UPDATE CASCADE
) ENGINE=InnoDB AUTO_INCREMENT=501 DEFAULT CHARSET=utf8mb4 COLLATE=utf8mb4_unicode_ci;
/*!40101 SET character_set_client = @saved_cs_client */;

--
-- Dumping data for table `mer`
--

LOCK TABLES `mer` WRITE;
/*!40000 ALTER TABLE `mer` DISABLE KEYS */;
INSERT INTO `mer` VALUES (1,70,'1986-04-02',174,49.21244,41,14,'ФОНТАН'),(2,36,'2018-02-25',133,53.7,34,4,'ФОНТАН'),(3,94,'1988-12-07',100,29,30,18,'ЭЦН'),(4,52,'2000-02-02',133,21,51,11,'ЭЦН'),(5,38,'1995-07-01',105,69.0003773,62,16,'ЭЦН'),(6,61,'1997-12-31',107,45.0166,66,18,'ФОНТАН'),(7,64,'2013-02-11',121,80.18482,38,10,'ФОНТАН'),(8,1,'2014-08-13',119,48.718,56,10,'ФОНТАН'),(9,79,'1999-01-10',175,86.3,52,10,'ЭЦН'),(10,14,'1997-05-19',181,94.4202,47,8,'ЭЦН'),(11,37,'1996-12-23',199,46.185,70,18,'ЭЦН'),(12,71,'2003-12-27',134,24.19,45,5,'ЭЦН'),(13,48,'2006-03-01',188,27.03886378,74,10,'ФОНТАН'),(14,2,'1974-09-13',158,27.82889,83,13,'ФОНТАН'),(15,72,'2002-01-27',115,85.64113,39,13,'ФОНТАН'),(16,68,'1995-11-13',193,44.9,28,21,'ФОНТАН'),(17,79,'1994-12-11',162,16,52,6,'ФОНТАН'),(18,27,'1979-03-24',190,4.6975,86,16,'ЭЦН'),(19,79,'1977-01-25',156,63.71349,65,12,'ЭЦН'),(20,3,'1997-06-27',116,54.61486,80,5,'ЭЦН'),(21,90,'2000-08-19',172,73.3,36,16,'ФОНТАН'),(22,57,'1976-05-21',103,5.502,7,10,'ФОНТАН'),(23,62,'1984-02-20',194,9.2217179,10,8,'ЭЦН'),(24,10,'2021-01-16',120,26.8507663,49,7,'ЭЦН'),(25,7,'2016-03-25',130,88.25,35,11,'ФОНТАН'),(26,93,'1978-05-09',165,0.51892479,82,19,'ЭЦН'),(27,59,'1972-12-10',154,80.6659,21,17,'ЭЦН'),(28,43,'1988-08-28',128,93.1469,34,22,'ЭЦН'),(29,72,'2013-11-29',112,71.89,69,19,'ЭЦН'),(30,34,'2006-06-25',152,14.26642,63,14,'ФОНТАН'),(31,56,'2009-05-17',164,8.9,9,11,'ФОНТАН'),(32,42,'1975-06-27',102,88.03,26,1,'ЭЦН'),(33,70,'1976-08-03',173,11.1792703,42,3,'ЭЦН'),(34,49,'2007-01-30',122,81.53253,72,13,'ЭЦН'),(35,94,'1979-05-15',107,39.3436,72,7,'ЭЦН'),(36,8,'1990-03-26',109,48.91766326,28,2,'ЭЦН'),(37,10,'1976-12-27',103,93.3,84,6,'ФОНТАН'),(38,58,'1983-01-30',199,34,66,14,'ФОНТАН'),(39,8,'1988-10-23',200,35.995298874,57,14,'ФОНТАН'),(40,88,'1974-04-26',107,13.26984778,22,10,'ФОНТАН'),(41,71,'2001-05-30',151,33,50,13,'ЭЦН'),(42,45,'1986-01-30',158,66.4334,82,0,'ФОНТАН'),(43,58,'2007-02-09',186,30.61906,0,23,'ФОНТАН'),(44,18,'1988-02-24',169,36.125832394,6,5,'ЭЦН'),(45,46,'2013-11-18',175,19.1,11,2,'ЭЦН'),(46,30,'1974-10-28',146,40.59172,20,11,'ФОНТАН'),(47,86,'2021-05-10',112,51.40651,22,17,'ЭЦН'),(48,25,'1982-10-23',146,10.75278,73,11,'ЭЦН'),(49,57,'2011-05-17',116,35.6244,10,9,'ФОНТАН'),(50,65,'2021-01-06',146,5.09846,49,4,'ЭЦН'),(51,27,'2000-10-11',166,3.4074,89,1,'ЭЦН'),(52,46,'2004-11-06',180,37.133989407,65,1,'ЭЦН'),(53,22,'1983-04-26',134,86.607262,94,3,'ЭЦН'),(54,89,'1989-05-19',142,12.9692,42,10,'ФОНТАН'),(55,56,'1994-02-24',158,36.7555,96,7,'ФОНТАН'),(56,29,'2015-06-10',168,53,93,20,'ФОНТАН'),(57,81,'1973-07-19',173,98.7,14,22,'ЭЦН'),(58,14,'2007-01-21',110,44.91,86,6,'ФОНТАН'),(59,71,'1983-10-09',148,76.72326,29,14,'ЭЦН'),(60,53,'2000-06-11',149,28.5,27,0,'ЭЦН'),(61,48,'2010-09-04',154,38.95,68,6,'ФОНТАН'),(62,26,'1994-05-30',179,28.3,54,3,'ФОНТАН'),(63,95,'2014-02-22',180,36.836,9,6,'ФОНТАН'),(64,18,'1978-01-02',161,46.439,22,5,'ФОНТАН'),(65,75,'1993-08-27',166,39.223,26,10,'ФОНТАН'),(66,89,'1998-12-26',168,12.6735267,44,14,'ЭЦН'),(67,25,'1991-05-06',147,16.8162995,54,14,'ЭЦН'),(68,85,'2012-07-05',143,56.51,51,13,'ФОНТАН'),(69,46,'1986-10-23',186,83.43778298,10,2,'ФОНТАН'),(70,33,'2013-01-25',171,47.2,10,22,'ФОНТАН'),(71,73,'1999-01-16',138,47,79,22,'ФОНТАН'),(72,17,'2000-02-18',131,21,32,17,'ЭЦН'),(73,77,'1984-01-05',144,36.732208047,45,4,'ФОНТАН'),(74,30,'1982-01-18',105,55.04684483,27,2,'ФОНТАН'),(75,35,'1976-03-11',128,44.68,7,8,'ЭЦН'),(76,23,'2003-05-26',134,44.963608051,97,17,'ЭЦН'),(77,60,'2011-11-19',174,77.67696,2,20,'ФОНТАН'),(78,20,'1978-01-30',151,79,11,20,'ЭЦН'),(79,47,'2017-09-13',108,43.817584,74,21,'ФОНТАН'),(80,16,'2022-07-24',158,18.7873862,49,23,'ЭЦН'),(81,85,'2012-02-23',111,43.7218564,48,6,'ЭЦН'),(82,74,'1981-12-23',187,10,40,16,'ЭЦН'),(83,61,'1984-11-21',186,26.4006,39,21,'ФОНТАН'),(84,6,'2016-09-25',128,2.83815,89,10,'ЭЦН'),(85,62,'2013-11-10',122,60.03497,51,11,'ЭЦН'),(86,17,'2002-12-02',140,33.7,47,3,'ФОНТАН'),(87,35,'2016-07-21',138,7.3,27,19,'ЭЦН'),(88,43,'1972-10-28',200,32.53,26,12,'ЭЦН'),(89,30,'1973-05-09',159,12,75,16,'ЭЦН'),(90,5,'2011-01-13',118,83.5045,50,10,'ЭЦН'),(91,96,'1990-11-18',158,63.7829,34,4,'ФОНТАН'),(92,78,'1996-04-03',168,72.6,27,17,'ЭЦН'),(93,31,'2009-11-20',162,20.09821,63,7,'ЭЦН'),(94,91,'1986-03-30',130,45.807565,63,21,'ФОНТАН'),(95,96,'1997-11-06',131,30.414254,95,4,'ЭЦН'),(96,6,'2003-04-09',140,77.26,59,1,'ЭЦН'),(97,79,'2015-11-04',174,66.6950967,6,12,'ФОНТАН'),(98,20,'1991-04-18',131,51.3281475,64,6,'ЭЦН'),(99,91,'1995-09-23',199,30.820365078,1,13,'ЭЦН'),(100,25,'1983-03-30',152,17.01866,84,15,'ЭЦН'),(101,53,'1973-08-13',178,65.65,3,15,'ЭЦН'),(102,63,'1980-11-29',183,46.9467057,23,19,'ФОНТАН'),(103,41,'2011-03-20',140,6.23,95,1,'ЭЦН'),(104,29,'1986-05-03',117,19.65,19,9,'ФОНТАН'),(105,93,'1993-03-24',117,46,54,14,'ЭЦН'),(106,75,'1972-03-01',191,68.61672689,90,16,'ЭЦН'),(107,51,'1993-09-20',106,43,14,7,'ФОНТАН'),(108,52,'2018-06-17',132,38.3463,42,20,'ФОНТАН'),(109,95,'2000-01-18',174,93.6778431,83,6,'ФОНТАН'),(110,98,'2017-04-08',100,32.3,21,6,'ЭЦН'),(111,68,'1973-06-03',108,49.795534,67,6,'ФОНТАН'),(112,79,'1997-07-19',147,10.66742777,84,19,'ЭЦН'),(113,72,'2009-07-01',158,10.671,54,9,'ЭЦН'),(114,28,'1970-12-25',156,3.7,94,5,'ФОНТАН'),(115,85,'1982-12-03',159,41.0683,56,14,'ФОНТАН'),(116,34,'1986-03-09',169,70.81,86,7,'ЭЦН'),(117,44,'2014-05-07',199,65.20451781,66,19,'ЭЦН'),(118,19,'1990-06-29',126,86.959,29,19,'ЭЦН'),(119,76,'1979-05-19',200,72.408923214,64,16,'ЭЦН'),(120,74,'1985-04-12',173,4.932827,25,17,'ЭЦН'),(121,24,'1997-10-04',164,26.91008082,60,3,'ФОНТАН'),(122,72,'2001-06-03',185,83.04088,95,3,'ФОНТАН'),(123,52,'1991-01-13',175,97.4918264,61,15,'ЭЦН'),(124,55,'1975-04-23',143,92.192,33,14,'ЭЦН'),(125,62,'2005-12-22',118,72.25291,45,6,'ФОНТАН'),(126,47,'1980-07-13',151,1.8,8,21,'ЭЦН'),(127,61,'2003-08-02',163,55.14,48,12,'ЭЦН'),(128,41,'1972-01-19',156,20.3,0,6,'ФОНТАН'),(129,67,'2000-01-27',135,25,11,23,'ЭЦН'),(130,51,'1976-09-17',143,41.63103008,46,9,'ЭЦН'),(131,65,'1988-03-25',187,47.1,19,22,'ЭЦН'),(132,19,'1974-05-05',172,55.089,49,8,'ФОНТАН'),(133,13,'1989-08-06',146,26.9,52,12,'ФОНТАН'),(134,5,'1973-01-08',174,94.6586,55,0,'ЭЦН'),(135,48,'1981-07-27',163,43,66,16,'ФОНТАН'),(136,5,'1994-10-14',100,6.1741747,27,19,'ФОНТАН'),(137,80,'1989-08-08',138,82.49731,33,20,'ЭЦН'),(138,99,'1999-01-10',186,41,20,1,'ЭЦН'),(139,57,'2019-03-25',147,7.70402,90,8,'ЭЦН'),(140,74,'2003-11-24',109,42.35063723,6,18,'ЭЦН'),(141,97,'1983-08-25',112,72.217,27,17,'ФОНТАН'),(142,24,'1981-01-24',110,91,95,20,'ФОНТАН'),(143,53,'1971-01-07',172,33.006574,89,5,'ЭЦН'),(144,68,'1996-05-29',138,65.26838,24,15,'ФОНТАН'),(145,52,'1979-06-10',190,17.9530618,31,19,'ФОНТАН'),(146,38,'1988-10-11',147,8.876125239,22,22,'ЭЦН'),(147,2,'2005-06-24',141,59.26,97,7,'ЭЦН'),(148,96,'1982-11-21',175,73.77599416,38,9,'ЭЦН'),(149,57,'1976-10-13',150,29.712284463,1,17,'ЭЦН'),(150,77,'1993-02-03',102,15.6104,5,0,'ФОНТАН'),(151,70,'1993-06-18',110,47.82687623,24,20,'ЭЦН'),(152,80,'1976-11-13',102,0.8705,36,20,'ФОНТАН'),(153,49,'1979-05-03',119,21.49137,77,4,'ФОНТАН'),(154,21,'1982-09-30',160,34.912231907,22,4,'ФОНТАН'),(155,35,'2013-08-23',197,57.63,62,22,'ЭЦН'),(156,11,'2003-12-23',128,20.5236,73,0,'ЭЦН'),(157,68,'2009-07-02',151,48,70,0,'ФОНТАН'),(158,95,'1979-05-07',123,29.9,12,1,'ЭЦН'),(159,51,'2001-10-05',131,56.354406083,91,3,'ФОНТАН'),(160,35,'1980-02-17',188,5.44,6,14,'ЭЦН'),(161,46,'1978-07-06',148,95,81,5,'ЭЦН'),(162,15,'2006-02-15',169,29.33,47,10,'ЭЦН'),(163,54,'1994-11-25',196,28,61,9,'ФОНТАН'),(164,58,'2005-11-16',183,84.35,46,19,'ФОНТАН'),(165,20,'1980-03-14',130,64,32,21,'ФОНТАН'),(166,1,'1981-04-08',179,56.696,46,20,'ЭЦН'),(167,63,'2021-08-22',178,6.1579823,59,14,'ЭЦН'),(168,99,'2016-01-30',139,14,71,18,'ФОНТАН'),(169,100,'2009-05-23',189,1.1,62,1,'ФОНТАН'),(170,19,'1993-02-09',182,9.84588,15,14,'ЭЦН'),(171,73,'2018-08-10',170,58.4597974,63,6,'ЭЦН'),(172,96,'1977-02-20',111,80.47129585,81,13,'ЭЦН'),(173,43,'2002-01-31',104,19.3,89,18,'ФОНТАН'),(174,25,'2004-02-14',188,30.3,34,18,'ЭЦН'),(175,64,'2006-06-23',179,51.4557454,92,22,'ФОНТАН'),(176,94,'2020-08-02',161,45.304365803,42,17,'ЭЦН'),(177,63,'2009-04-01',122,71,83,8,'ФОНТАН'),(178,65,'1978-08-28',152,37.2470948,25,8,'ФОНТАН'),(179,89,'2018-10-27',194,92.27,54,22,'ЭЦН'),(180,19,'1989-09-12',135,0.79,23,9,'ЭЦН'),(181,42,'2008-11-16',126,93.386766265,32,5,'ФОНТАН'),(182,58,'2010-10-20',165,9.1119241,91,15,'ФОНТАН'),(183,98,'2010-11-24',158,48.22,46,5,'ЭЦН'),(184,91,'2017-02-12',100,23.5,81,14,'ЭЦН'),(185,79,'2005-04-14',103,37.14430129,52,1,'ФОНТАН'),(186,33,'2018-11-25',173,52.61988023,76,12,'ФОНТАН'),(187,1,'2001-03-21',176,0.07182159,64,24,'ЭЦН'),(188,46,'2022-05-13',132,96.999516,69,1,'ФОНТАН'),(189,28,'2003-10-28',183,79.33575999,1,14,'ФОНТАН'),(190,51,'2015-08-05',173,10,37,16,'ФОНТАН'),(191,80,'2006-07-27',109,71.778659,93,2,'ФОНТАН'),(192,73,'1972-11-19',126,7,16,12,'ФОНТАН'),(193,66,'1970-11-03',107,36.35,11,14,'ЭЦН'),(194,33,'2019-03-14',112,54.87,32,7,'ЭЦН'),(195,31,'1980-03-15',185,14.30399,52,2,'ЭЦН'),(196,85,'2015-03-03',185,81.1571722,13,19,'ЭЦН'),(197,34,'1973-05-24',121,17,76,16,'ЭЦН'),(198,93,'1996-03-05',133,88.739779959,87,1,'ФОНТАН'),(199,83,'1977-04-21',131,49.78,60,11,'ФОНТАН'),(200,34,'2022-10-02',168,26.8,2,24,'ЭЦН'),(201,12,'1985-08-21',165,52.62,13,9,'ЭЦН'),(202,56,'1988-07-26',199,89.67,1,23,'ФОНТАН'),(203,29,'1980-09-02',170,56.9358,76,6,'ФОНТАН'),(204,55,'1973-02-07',155,32.235224,55,3,'ЭЦН'),(205,80,'1993-10-24',149,61.662399,78,16,'ФОНТАН'),(206,93,'2016-07-16',117,41.88854701,34,0,'ЭЦН'),(207,48,'2005-01-25',153,31.630792,88,19,'ФОНТАН'),(208,42,'1980-05-11',199,89.83,97,9,'ФОНТАН'),(209,58,'2007-01-29',119,67.919789053,71,17,'ЭЦН'),(210,37,'1976-08-31',186,39.328191215,43,6,'ФОНТАН'),(211,60,'2010-05-23',134,0.4788985,93,8,'ФОНТАН'),(212,100,'2007-02-20',102,47,63,1,'ЭЦН'),(213,95,'1972-01-17',108,8.6998316,68,10,'ФОНТАН'),(214,58,'1987-06-14',103,82.6,27,19,'ЭЦН'),(215,90,'2022-08-23',144,73.095612,6,7,'ФОНТАН'),(216,73,'1971-11-28',189,77.600637534,13,8,'ЭЦН'),(217,91,'1998-07-29',123,66.8069,65,22,'ЭЦН'),(218,90,'1988-12-29',162,65.3075985,6,12,'ФОНТАН'),(219,19,'1976-08-26',112,7.53,26,20,'ЭЦН'),(220,18,'1975-09-27',131,9.4,43,2,'ФОНТАН'),(221,40,'1974-06-17',170,20.84654883,71,19,'ФОНТАН'),(222,99,'2002-08-26',121,58.073,10,21,'ФОНТАН'),(223,91,'1992-09-20',151,8.588,17,19,'ЭЦН'),(224,5,'1995-11-29',174,19.0402,73,0,'ЭЦН'),(225,32,'1970-12-26',101,72.4813,92,2,'ФОНТАН'),(226,21,'2021-09-01',145,68.24,99,13,'ФОНТАН'),(227,90,'1976-09-12',164,25.060592,99,24,'ФОНТАН'),(228,66,'1970-05-26',199,70.84238,58,10,'ФОНТАН'),(229,14,'2013-05-14',101,93.00636784,45,10,'ФОНТАН'),(230,73,'2015-06-03',126,76.35612,73,6,'ЭЦН'),(231,99,'1998-11-09',141,37.4,73,12,'ЭЦН'),(232,26,'1987-02-20',124,37.5991,81,16,'ФОНТАН'),(233,28,'1981-09-29',116,82.9704,14,16,'ЭЦН'),(234,28,'1988-05-26',111,95.7,49,20,'ФОНТАН'),(235,80,'2022-06-11',118,48.2,2,13,'ФОНТАН'),(236,8,'2011-12-05',127,21.36899481,62,5,'ЭЦН'),(237,20,'1970-04-17',138,1.14255,37,0,'ФОНТАН'),(238,28,'1978-02-19',114,88.94077,52,23,'ФОНТАН'),(239,50,'2001-12-13',162,44.686,8,2,'ЭЦН'),(240,78,'1974-01-20',116,44.1,7,22,'ЭЦН'),(241,64,'2017-02-15',120,0.398,54,1,'ФОНТАН'),(242,10,'1995-02-16',176,61.67096936,38,3,'ЭЦН'),(243,77,'2007-10-10',115,57,53,15,'ФОНТАН'),(244,58,'2017-02-25',132,92.384084,46,11,'ЭЦН'),(245,67,'1988-04-11',188,7,84,7,'ФОНТАН'),(246,67,'1985-02-25',120,11.512415536,1,4,'ЭЦН'),(247,31,'2012-09-23',167,40.932,73,3,'ФОНТАН'),(248,58,'1984-12-25',181,61.00286742,77,20,'ЭЦН'),(249,56,'1984-04-23',171,88.6599217,0,5,'ФОНТАН'),(250,50,'2017-04-07',102,99.15382,2,1,'ЭЦН'),(251,75,'2020-02-04',101,47.96111,94,3,'ЭЦН'),(252,96,'1997-01-31',142,53.5197206,16,14,'ФОНТАН'),(253,48,'2016-01-22',130,56.5451,75,7,'ФОНТАН'),(254,65,'1976-07-26',106,19,67,22,'ЭЦН'),(255,100,'2007-02-12',185,52.88746,60,10,'ФОНТАН'),(256,80,'2018-08-21',146,3,8,5,'ЭЦН'),(257,86,'2016-11-28',149,9.139039,7,23,'ЭЦН'),(258,90,'2003-10-04',166,11.6396383,92,19,'ЭЦН'),(259,45,'1992-11-26',100,64.81297387,41,20,'ФОНТАН'),(260,99,'2001-01-12',190,86.5321654,4,20,'ФОНТАН'),(261,62,'2003-11-22',133,57.45696,34,19,'ФОНТАН'),(262,43,'1986-06-19',103,82,2,13,'ФОНТАН'),(263,24,'1995-10-22',111,34.064802031,45,18,'ФОНТАН'),(264,89,'2004-06-05',177,42.418,29,23,'ФОНТАН'),(265,70,'1974-07-15',155,71.782,31,1,'ФОНТАН'),(266,3,'2004-10-29',196,92.2554292,27,2,'ФОНТАН'),(267,96,'2009-06-02',185,99.734684639,42,2,'ФОНТАН'),(268,90,'2005-03-21',180,87.8,2,17,'ФОНТАН'),(269,30,'2019-07-26',131,95.18873,20,15,'ЭЦН'),(270,45,'1973-01-24',187,98,49,17,'ФОНТАН'),(271,68,'1980-02-27',128,49.1238,50,13,'ФОНТАН'),(272,94,'2020-07-05',157,67.3030868,97,14,'ФОНТАН'),(273,54,'2018-03-20',179,16.13895,1,21,'ФОНТАН'),(274,44,'2020-06-13',119,67.9185144,70,3,'ЭЦН'),(275,52,'2016-09-29',158,33,70,12,'ЭЦН'),(276,21,'1986-04-02',119,44.796,61,7,'ЭЦН'),(277,11,'1996-10-25',146,12.43,64,2,'ФОНТАН'),(278,82,'2008-11-11',174,61.78219629,77,2,'ФОНТАН'),(279,78,'1973-04-03',184,9.789802884,62,1,'ЭЦН'),(280,66,'1998-12-16',168,15.17483,69,5,'ФОНТАН'),(281,31,'1984-02-02',102,87.744,98,22,'ФОНТАН'),(282,53,'2021-02-19',121,30.6,94,12,'ФОНТАН'),(283,61,'2013-07-11',161,3.06,90,6,'ЭЦН'),(284,79,'1973-06-10',116,72.84839273,33,14,'ФОНТАН'),(285,18,'2003-05-28',105,66.4,25,9,'ФОНТАН'),(286,61,'2001-04-08',196,78.31778,33,20,'ЭЦН'),(287,58,'2001-01-29',105,75.7,50,11,'ЭЦН'),(288,3,'1994-01-19',147,58.98065,72,20,'ЭЦН'),(289,50,'1983-03-24',173,52.433098,74,20,'ЭЦН'),(290,3,'1974-06-13',148,46.11,56,6,'ЭЦН'),(291,2,'1976-07-25',113,23.436443,76,20,'ЭЦН'),(292,11,'2014-01-07',118,28.712,33,9,'ФОНТАН'),(293,45,'1987-05-28',151,64.6,36,14,'ЭЦН'),(294,25,'1991-03-31',109,81.989,33,13,'ЭЦН'),(295,100,'2008-11-12',175,85,86,8,'ЭЦН'),(296,15,'2009-01-21',123,58.6908562,35,5,'ЭЦН'),(297,28,'1996-08-21',172,93.3114,54,1,'ЭЦН'),(298,96,'2022-01-19',115,82.532884,52,23,'ЭЦН'),(299,5,'2001-08-14',166,34.9142644,74,3,'ФОНТАН'),(300,58,'1998-05-03',190,55.7,81,20,'ФОНТАН'),(301,40,'2017-12-31',142,71.00658159,79,13,'ФОНТАН'),(302,72,'1994-03-29',168,27.51,45,11,'ФОНТАН'),(303,52,'1980-10-22',154,74.04561302,70,5,'ФОНТАН'),(304,94,'2001-07-14',163,85.7485996,48,5,'ФОНТАН'),(305,16,'1983-01-13',116,82.546,24,3,'ФОНТАН'),(306,3,'2012-09-04',184,80.08,55,13,'ФОНТАН'),(307,15,'1977-01-01',169,65.1,74,1,'ФОНТАН'),(308,26,'1993-11-03',134,35.09431255,2,5,'ЭЦН'),(309,85,'2016-08-31',186,43.61,66,0,'ЭЦН'),(310,93,'2011-09-30',121,83.03,1,13,'ФОНТАН'),(311,92,'2021-05-06',196,61.996173,64,20,'ЭЦН'),(312,16,'2016-11-21',147,42.6,53,18,'ФОНТАН'),(313,46,'1986-04-08',183,78.365654907,83,13,'ЭЦН'),(314,52,'2021-07-23',141,5.2,87,18,'ЭЦН'),(315,94,'1973-08-09',192,74.376739,77,7,'ФОНТАН'),(316,63,'1978-08-16',117,15.655,63,13,'ЭЦН'),(317,12,'1971-09-21',102,69.3514,81,17,'ЭЦН'),(318,52,'2006-03-07',185,84,8,11,'ФОНТАН'),(319,66,'1989-11-19',154,72.623,36,7,'ЭЦН'),(320,62,'1976-04-02',127,64.088855,21,17,'ЭЦН'),(321,55,'1995-07-17',104,51.6114,39,14,'ФОНТАН'),(322,68,'2021-08-29',107,24.936,2,14,'ФОНТАН'),(323,73,'2006-07-15',121,68.343,72,21,'ЭЦН'),(324,100,'2015-06-30',105,81.03319829,100,23,'ФОНТАН'),(325,93,'1974-04-11',111,31.028194181,3,21,'ФОНТАН'),(326,72,'1985-06-06',144,35.99,17,13,'ФОНТАН'),(327,14,'1981-04-19',102,56.987362,61,8,'ЭЦН'),(328,20,'2001-10-05',189,70.504,36,18,'ФОНТАН'),(329,67,'1993-06-17',175,17.06,1,24,'ФОНТАН'),(330,19,'1990-09-12',133,62.6,16,14,'ФОНТАН'),(331,78,'1987-09-03',168,72.88415929,79,17,'ФОНТАН'),(332,7,'1992-10-13',129,79.307911,99,17,'ФОНТАН'),(333,90,'2007-02-21',130,80.989642,6,8,'ФОНТАН'),(334,29,'1975-07-07',180,19,5,6,'ФОНТАН'),(335,1,'1991-03-08',125,7.2224,9,23,'ЭЦН'),(336,6,'1989-09-29',108,77.45733372,34,1,'ФОНТАН'),(337,32,'2013-09-25',156,15.25314302,96,23,'ЭЦН'),(338,16,'1986-03-07',166,90.6,55,6,'ЭЦН'),(339,32,'2021-03-03',176,36,77,23,'ФОНТАН'),(340,16,'2001-03-07',182,83.7651833,28,12,'ФОНТАН'),(341,8,'2005-06-06',187,81.2291,30,6,'ФОНТАН'),(342,23,'2018-12-31',186,28.207,17,23,'ФОНТАН'),(343,31,'2009-04-02',132,52,50,16,'ЭЦН'),(344,53,'1975-02-19',102,11,61,14,'ЭЦН'),(345,75,'2004-10-08',104,2.61656,33,19,'ФОНТАН'),(346,25,'1975-09-08',163,25.2,86,15,'ФОНТАН'),(347,16,'1998-11-29',185,83.65,94,8,'ФОНТАН'),(348,87,'1993-03-20',170,4.19,11,12,'ЭЦН'),(349,77,'1970-06-03',154,52.1,90,2,'ЭЦН'),(350,82,'2000-02-27',100,33,16,19,'ФОНТАН'),(351,48,'2009-06-26',111,71.244,39,5,'ЭЦН'),(352,31,'2012-01-10',145,72.01474,39,10,'ФОНТАН'),(353,49,'2009-08-04',135,10.072241495,4,11,'ФОНТАН'),(354,20,'2009-05-07',191,14.45396799,43,7,'ЭЦН'),(355,30,'2016-01-16',160,79.17503034,77,8,'ФОНТАН'),(356,42,'2009-02-16',169,31.13771013,84,15,'ФОНТАН'),(357,92,'2004-02-22',108,54.1,84,21,'ФОНТАН'),(358,44,'1974-10-11',117,8.699587923,72,16,'ЭЦН'),(359,62,'2002-05-27',193,40.817992,43,2,'ФОНТАН'),(360,59,'2006-03-11',156,48,81,1,'ФОНТАН'),(361,62,'1982-07-16',116,52.9658512,70,16,'ЭЦН'),(362,39,'1970-02-04',115,51.245093,49,6,'ЭЦН'),(363,66,'2015-06-27',197,75,95,7,'ФОНТАН'),(364,52,'1985-05-25',190,11.347292,29,8,'ЭЦН'),(365,68,'2020-03-22',154,33.6726,68,8,'ЭЦН'),(366,67,'2009-10-29',142,15.775,55,4,'ФОНТАН'),(367,58,'1975-04-21',135,83.149138132,65,10,'ФОНТАН'),(368,100,'1990-08-27',140,43,75,22,'ФОНТАН'),(369,82,'2014-08-29',116,15.857913,16,2,'ФОНТАН'),(370,89,'1981-07-17',199,22.0795,18,13,'ФОНТАН'),(371,15,'1982-07-17',130,99.5705,34,17,'ЭЦН'),(372,90,'2008-07-17',101,46,27,17,'ЭЦН'),(373,12,'1985-02-16',133,17.4054,88,20,'ЭЦН'),(374,46,'2021-03-27',139,28.681,45,21,'ФОНТАН'),(375,43,'1990-06-19',140,77.2,25,9,'ФОНТАН'),(376,86,'1976-06-28',144,26.941,49,17,'ФОНТАН'),(377,71,'2000-12-21',113,85.51865545,57,13,'ФОНТАН'),(378,59,'2020-06-11',112,67.8134429,77,7,'ЭЦН'),(379,72,'1972-05-01',118,36.92703449,99,7,'ЭЦН'),(380,47,'1981-07-15',170,36.451305,83,7,'ЭЦН'),(381,40,'1974-05-08',107,23.4334,46,20,'ФОНТАН'),(382,20,'1970-08-21',155,79.84,56,21,'ФОНТАН'),(383,78,'2019-06-30',158,97.49229276,22,3,'ЭЦН'),(384,89,'2006-05-20',172,61.3,100,6,'ФОНТАН'),(385,39,'1977-02-14',129,37.2161,88,17,'ЭЦН'),(386,8,'1989-07-02',174,12.9944,86,21,'ЭЦН'),(387,30,'2003-11-08',200,1.5,85,6,'ФОНТАН'),(388,31,'1982-12-04',149,69.3607,90,5,'ЭЦН'),(389,52,'1996-04-04',144,81.7097,13,16,'ФОНТАН'),(390,91,'2008-11-29',194,46,53,2,'ФОНТАН'),(391,90,'2003-02-28',135,47.495298,10,22,'ЭЦН'),(392,14,'2015-12-21',167,54,95,20,'ЭЦН'),(393,30,'1992-08-13',122,21.3500592,78,8,'ФОНТАН'),(394,55,'2008-02-20',128,46.830591,95,2,'ФОНТАН'),(395,65,'1986-10-31',178,16.416517839,93,3,'ФОНТАН'),(396,98,'1998-06-22',141,61.6811456,96,23,'ЭЦН'),(397,22,'1983-03-12',164,61.21781,14,17,'ЭЦН'),(398,23,'1994-10-19',117,84.918664,98,9,'ЭЦН'),(399,97,'1973-03-05',178,17.59926,25,20,'ФОНТАН'),(400,3,'1976-12-12',113,90.33882203,7,14,'ЭЦН'),(401,12,'2015-03-09',115,2.37452,56,22,'ФОНТАН'),(402,12,'1997-05-04',180,60,2,23,'ФОНТАН'),(403,92,'1980-02-22',177,29,47,3,'ЭЦН'),(404,23,'1987-09-17',196,8,31,14,'ФОНТАН'),(405,57,'2014-03-09',166,25.018,74,24,'ФОНТАН'),(406,34,'2012-09-16',138,98.95,71,23,'ФОНТАН'),(407,9,'1979-07-19',199,25,66,10,'ЭЦН'),(408,27,'1972-01-15',139,56.336,74,14,'ФОНТАН'),(409,92,'2013-10-31',126,84.474750415,96,13,'ЭЦН'),(410,80,'2007-05-20',196,50.1796963,99,0,'ЭЦН'),(411,74,'1983-09-15',144,61.177541,71,6,'ЭЦН'),(412,32,'1989-06-10',142,45.5,89,10,'ФОНТАН'),(413,99,'1989-09-09',144,63.3865,51,15,'ФОНТАН'),(414,52,'1999-12-05',106,39.329317,59,24,'ФОНТАН'),(415,21,'1976-06-03',104,77.94,19,12,'ЭЦН'),(416,38,'1970-12-21',158,11,29,7,'ФОНТАН'),(417,59,'1985-06-17',165,5.9,84,19,'ФОНТАН'),(418,51,'1983-02-09',154,63.257903,0,19,'ЭЦН'),(419,69,'1989-08-05',131,0.7262,15,8,'ЭЦН'),(420,11,'1975-02-25',172,75.05325758,78,2,'ФОНТАН'),(421,42,'1973-12-03',158,95.015353381,47,2,'ЭЦН'),(422,58,'2005-03-18',191,59.11028,76,19,'ФОНТАН'),(423,24,'2012-11-05',154,2.5,48,20,'ЭЦН'),(424,72,'1996-11-16',160,68.3,75,12,'ЭЦН'),(425,13,'2000-10-18',131,0.126,91,1,'ФОНТАН'),(426,89,'2015-11-30',148,21.11909521,69,7,'ФОНТАН'),(427,69,'2016-04-03',198,64.61872601,38,1,'ЭЦН'),(428,34,'1994-01-31',118,82.288,38,3,'ФОНТАН'),(429,11,'1993-01-03',135,73,32,15,'ЭЦН'),(430,66,'1975-06-15',187,71.5864,73,16,'ЭЦН'),(431,36,'1982-01-04',174,68.34,96,13,'ЭЦН'),(432,22,'1989-12-01',120,71.88,100,5,'ЭЦН'),(433,77,'2004-03-03',172,72.7892,50,4,'ФОНТАН'),(434,28,'1971-07-28',169,82.67851425,15,1,'ФОНТАН'),(435,45,'1998-04-03',190,43.532,82,13,'ЭЦН'),(436,33,'1975-01-18',138,16.2795,7,23,'ФОНТАН'),(437,62,'1979-12-03',140,66.563709,48,2,'ФОНТАН'),(438,53,'2005-09-05',147,18.68622392,71,23,'ФОНТАН'),(439,60,'2009-06-04',169,59.9372,76,20,'ЭЦН'),(440,54,'1998-01-07',112,25,85,9,'ЭЦН'),(441,33,'2013-05-24',170,11.2,55,9,'ФОНТАН'),(442,34,'1992-04-26',184,85.1710114,23,1,'ЭЦН'),(443,85,'2007-12-25',188,10.4942417,85,3,'ЭЦН'),(444,32,'2014-08-26',139,67.1033099,42,1,'ЭЦН'),(445,85,'1997-02-10',133,97.8013,43,3,'ЭЦН'),(446,6,'2002-02-21',102,83.5716546,31,16,'ФОНТАН'),(447,69,'2012-12-07',155,86.15,29,21,'ФОНТАН'),(448,44,'2008-05-02',183,26.896,58,10,'ФОНТАН'),(449,56,'1981-12-19',108,72.567053452,93,6,'ФОНТАН'),(450,38,'1998-05-24',103,86.0657539,61,4,'ЭЦН'),(451,54,'1993-01-25',190,17.236786,36,3,'ФОНТАН'),(452,98,'1997-03-25',116,31.91,76,12,'ЭЦН'),(453,95,'1987-10-05',119,90.16552674,25,21,'ФОНТАН'),(454,77,'2015-01-25',113,80.4172,4,9,'ФОНТАН'),(455,69,'1985-05-27',107,33.05167669,63,13,'ФОНТАН'),(456,7,'1995-06-10',126,20.5,72,13,'ФОНТАН'),(457,65,'2011-06-23',137,0.169985788,48,1,'ЭЦН'),(458,38,'2005-02-25',141,26.9448802,36,7,'ФОНТАН'),(459,41,'1990-12-20',117,74.83775,21,1,'ЭЦН'),(460,76,'1990-03-26',179,46.250270934,53,19,'ФОНТАН'),(461,3,'1998-06-19',125,42.100152,99,15,'ЭЦН'),(462,77,'1994-04-27',147,51.014,13,8,'ФОНТАН'),(463,98,'2006-04-21',181,85.59,28,5,'ЭЦН'),(464,79,'1987-12-18',108,60.8749997,96,18,'ЭЦН'),(465,4,'1981-10-18',112,71.67588811,1,6,'ЭЦН'),(466,42,'1988-02-16',133,41.592,92,12,'ЭЦН'),(467,12,'2006-07-09',159,55.26214501,54,15,'ФОНТАН'),(468,65,'2000-12-23',158,38.9548898,6,16,'ЭЦН'),(469,95,'2003-11-22',124,43.365285,11,22,'ЭЦН'),(470,72,'1991-12-17',138,46.603647,16,11,'ФОНТАН'),(471,18,'2018-11-20',187,39.2,74,18,'ФОНТАН'),(472,27,'1997-10-20',169,83.135484337,41,20,'ЭЦН'),(473,5,'1990-06-17',193,90.654,52,1,'ФОНТАН'),(474,3,'2020-05-02',166,31.693295,10,15,'ЭЦН'),(475,58,'2009-11-21',195,38.350936,37,2,'ЭЦН'),(476,90,'1997-04-29',147,79.890374457,90,17,'ЭЦН'),(477,9,'2015-11-26',123,77.706844,48,10,'ФОНТАН'),(478,27,'2020-11-01',177,30.4,85,14,'ФОНТАН'),(479,33,'1994-12-29',178,60.99,16,24,'ЭЦН'),(480,64,'1984-11-30',133,23.5453,96,16,'ЭЦН'),(481,64,'2010-11-28',147,11.7,62,15,'ЭЦН'),(482,87,'1970-10-09',108,48.561477,81,20,'ЭЦН'),(483,62,'1997-01-13',168,100,83,3,'ЭЦН'),(484,59,'1998-04-09',180,35.004,93,11,'ЭЦН'),(485,64,'1992-09-10',176,5.4043289,96,19,'ЭЦН'),(486,30,'1980-05-17',181,0.5885,28,9,'ЭЦН'),(487,66,'1974-04-13',122,42.1,8,18,'ЭЦН'),(488,29,'1970-10-13',170,32.788,70,15,'ФОНТАН'),(489,68,'1971-04-25',190,5.17,72,12,'ФОНТАН'),(490,6,'1997-03-17',164,75.391072,9,15,'ЭЦН'),(491,4,'1971-09-03',108,39.16332,30,22,'ЭЦН'),(492,70,'1991-07-06',106,68.698,18,17,'ЭЦН'),(493,83,'2003-11-23',117,63.5448,49,4,'ЭЦН'),(494,1,'1988-06-09',159,76.994428587,58,24,'ЭЦН'),(495,49,'1979-12-29',122,36.5,52,16,'ФОНТАН'),(496,86,'2019-12-26',185,25.5002,43,8,'ЭЦН'),(497,43,'2018-11-27',166,28.15898,75,0,'ЭЦН'),(498,61,'2006-12-21',118,79.04166,35,6,'ЭЦН'),(499,51,'1981-01-07',170,64.290616039,98,3,'ЭЦН'),(500,37,'1981-09-15',170,36.2382443,0,17,'ЭЦН');
/*!40000 ALTER TABLE `mer` ENABLE KEYS */;
UNLOCK TABLES;

--
-- Table structure for table `nov_str`
--

DROP TABLE IF EXISTS `nov_str`;
/*!40101 SET @saved_cs_client     = @@character_set_client */;
/*!40101 SET character_set_client = utf8 */;
CREATE TABLE `nov_str` (
  `id` bigint(20) unsigned NOT NULL AUTO_INCREMENT,
  `nov_str_id` bigint(20) unsigned NOT NULL,
  `vid_gtm` enum('GRP','OPZ') COLLATE utf8mb4_unicode_ci DEFAULT NULL COMMENT 'вид ГТМ',
  `date_nov_str_1` date DEFAULT NULL COMMENT 'дата начала',
  `date_nov_str_2` date DEFAULT NULL COMMENT 'дата окончания',
  `debit_gidk` int(10) unsigned DEFAULT NULL COMMENT 'дебит жидкости',
  `debit_neft` double DEFAULT NULL COMMENT 'дебит нефти',
  PRIMARY KEY (`id`),
  KEY `nov_str_id` (`nov_str_id`),
  CONSTRAINT `nov_str_ibfk_1` FOREIGN KEY (`nov_str_id`) REFERENCES `well` (`id`) ON DELETE CASCADE ON UPDATE CASCADE
) ENGINE=InnoDB AUTO_INCREMENT=301 DEFAULT CHARSET=utf8mb4 COLLATE=utf8mb4_unicode_ci;
/*!40101 SET character_set_client = @saved_cs_client */;

--
-- Dumping data for table `nov_str`
--

LOCK TABLES `nov_str` WRITE;
/*!40000 ALTER TABLE `nov_str` DISABLE KEYS */;
INSERT INTO `nov_str` VALUES (1,12,'OPZ','2013-07-14','1987-11-18',168,3),(2,27,'GRP','1981-02-07','2010-07-05',172,61.893750523),(3,62,'GRP','2020-02-05','1970-06-20',106,24.86135),(4,86,'OPZ','1970-06-29','2017-07-27',196,19.782),(5,58,'GRP','2020-05-12','1993-09-13',192,85.0369),(6,65,'GRP','1988-03-20','2007-09-03',151,34.42349),(7,42,'GRP','2019-04-14','1976-08-15',111,61.434905),(8,30,'GRP','1983-08-19','1983-07-31',139,89.126),(9,81,'OPZ','1990-05-19','2014-09-18',122,53.2813),(10,4,'OPZ','1972-04-08','2018-02-12',170,7),(11,30,'OPZ','2001-08-02','2015-12-01',126,38),(12,88,'OPZ','2014-03-09','1982-08-04',145,71.11),(13,8,'GRP','1982-09-01','1984-05-18',121,52.601113),(14,42,'GRP','2006-07-12','1983-11-14',148,64),(15,91,'GRP','2004-10-25','2011-09-22',168,5.063),(16,57,'GRP','1974-05-08','2013-10-03',198,28.950853473),(17,47,'OPZ','2014-09-23','1995-11-21',196,52.389),(18,81,'GRP','1987-05-12','2005-03-03',176,84.3),(19,87,'OPZ','2011-04-15','2001-11-12',155,42.85247984),(20,61,'OPZ','2020-11-05','1988-09-18',162,28.63),(21,37,'GRP','1996-02-24','2000-08-09',150,18.1287),(22,58,'OPZ','1983-05-10','1986-08-01',100,29),(23,16,'GRP','1971-04-18','1980-02-11',108,73.7796727),(24,62,'GRP','1989-08-24','2020-11-26',101,13),(25,41,'OPZ','2021-02-02','1993-07-14',187,42.3110256),(26,81,'GRP','1972-11-06','2009-10-07',148,11),(27,91,'OPZ','1987-12-25','2013-12-19',115,95.425),(28,66,'OPZ','2014-09-11','1996-07-04',150,79.025079),(29,4,'OPZ','2014-11-20','1992-08-20',111,1.7893334),(30,71,'OPZ','1983-08-01','2015-09-06',130,83.3992356),(31,81,'OPZ','1973-02-10','1997-02-08',193,54.0267),(32,16,'OPZ','1988-04-19','2020-12-03',194,37.8481399),(33,97,'GRP','1991-03-03','1979-12-17',191,59),(34,43,'GRP','2012-09-13','1998-09-17',176,60.2808),(35,2,'OPZ','1993-02-13','1978-05-15',158,6.4933),(36,55,'OPZ','1985-10-05','1980-10-18',113,30.804),(37,8,'OPZ','1980-04-12','2001-01-19',102,97.2672),(38,43,'GRP','1994-10-20','1996-06-16',174,88.9671488),(39,84,'OPZ','2015-01-31','2000-03-26',165,16.13408),(40,88,'GRP','2011-11-01','2008-03-03',199,32),(41,46,'GRP','1993-07-29','1991-12-16',110,59.42939779),(42,14,'GRP','1987-11-16','2003-06-12',189,67.02594),(43,75,'GRP','2005-10-15','1982-03-12',103,47.59193982),(44,54,'OPZ','1989-11-14','1985-07-23',114,28.312),(45,55,'OPZ','1996-04-03','2007-09-11',162,9.8),(46,66,'GRP','1995-03-19','1994-05-28',117,25.126609),(47,11,'GRP','1974-07-22','2007-02-15',169,55.595337),(48,2,'GRP','1970-06-25','1975-06-02',155,75.459835667),(49,47,'GRP','1994-08-21','1981-07-14',169,11.068),(50,97,'GRP','1979-04-23','1989-01-20',119,56.402318),(51,63,'GRP','2001-12-09','2018-11-26',133,13.084),(52,83,'OPZ','1983-08-23','1973-04-27',181,59.6501908),(53,55,'GRP','1976-06-10','2000-08-23',117,38.4123),(54,78,'OPZ','1997-12-19','1974-05-01',174,57.1),(55,44,'OPZ','2020-12-19','2007-04-08',154,50.35425129),(56,96,'GRP','1970-04-04','2009-09-24',179,97.246),(57,58,'OPZ','2018-11-19','1990-03-02',177,85.05065),(58,34,'OPZ','2013-09-02','1970-10-22',113,54.36),(59,62,'OPZ','1987-11-21','2009-09-02',115,23.34519551),(60,62,'GRP','1993-04-03','1982-08-08',186,59.631874),(61,4,'GRP','1974-01-12','2020-04-24',110,98.35293489),(62,42,'OPZ','1992-04-10','2016-06-15',175,68.757411),(63,77,'OPZ','1984-05-15','1988-09-17',134,70),(64,1,'GRP','2006-03-27','2011-01-09',131,12.737152),(65,85,'OPZ','1972-01-06','2007-10-25',192,94.046653),(66,78,'GRP','2011-06-21','1971-07-13',139,35.461158),(67,55,'GRP','2009-06-27','1989-03-28',149,4.888986),(68,92,'OPZ','2014-08-23','2001-01-06',190,40),(69,21,'GRP','2019-10-31','1978-09-30',107,76.4936),(70,39,'GRP','2022-08-31','1973-01-19',111,92.6856),(71,80,'OPZ','2000-09-04','1989-02-26',150,59.9),(72,67,'GRP','2002-03-31','2003-07-05',167,20.1),(73,52,'OPZ','1970-08-09','2002-06-25',166,65.302),(74,54,'OPZ','1986-11-05','1997-09-13',186,70),(75,21,'OPZ','2012-07-03','2001-11-19',189,97.487),(76,7,'OPZ','1972-07-28','1975-02-06',103,94),(77,20,'OPZ','1999-04-24','1975-06-03',191,97.8905),(78,31,'OPZ','2000-02-12','2010-08-09',131,21.4),(79,8,'GRP','1978-01-25','1996-08-05',103,81.217),(80,66,'OPZ','1972-05-02','2004-04-13',178,30.403729077),(81,28,'GRP','2013-05-23','2007-01-12',173,99.186854902),(82,70,'GRP','1986-12-18','2001-01-13',166,67.48),(83,48,'GRP','1989-02-12','2012-02-05',102,24.206923),(84,83,'OPZ','2016-10-19','2005-06-15',117,85.505661688),(85,48,'OPZ','2008-08-01','2015-11-25',199,72.474455),(86,92,'GRP','2001-10-03','1980-02-09',116,28.98189),(87,78,'GRP','2017-07-18','1973-03-14',129,78.7706122),(88,5,'OPZ','1986-01-14','2000-03-04',179,94.425),(89,25,'OPZ','1979-10-15','1975-07-03',174,82.47983),(90,40,'GRP','2016-07-16','1971-01-25',194,38.0389291),(91,67,'OPZ','1978-04-06','1990-09-21',119,89.1079),(92,29,'GRP','1978-07-03','1997-06-10',137,51.30088076),(93,82,'OPZ','1991-09-05','2022-08-07',139,96.9880993),(94,43,'OPZ','1984-12-22','2012-03-18',140,20.722),(95,30,'GRP','1999-02-05','1998-11-25',113,13.162988244),(96,66,'OPZ','1981-08-02','2016-05-23',150,77.96),(97,21,'GRP','2019-03-02','2001-09-30',161,87.937667),(98,84,'GRP','2013-02-08','1994-10-23',200,41),(99,58,'GRP','1996-08-14','1992-01-20',157,87.06017),(100,42,'OPZ','1990-08-22','1977-10-02',118,52.24410307),(101,22,'OPZ','1999-02-01','2009-07-24',154,17.791388),(102,37,'OPZ','2012-05-26','1981-10-15',118,79.4347608),(103,8,'GRP','2018-07-22','2017-05-23',170,40.2),(104,74,'GRP','1990-11-14','1999-12-11',192,9.39319125),(105,91,'GRP','1979-01-21','2018-06-21',148,93.121203),(106,28,'GRP','2014-07-07','1975-03-24',198,70.321062),(107,80,'GRP','1988-11-27','2005-07-04',165,66.277270702),(108,10,'GRP','1999-11-23','1987-12-31',167,94.996),(109,59,'GRP','1974-01-21','2012-03-28',177,77.1909871),(110,88,'OPZ','1992-02-01','1998-03-29',149,17),(111,75,'GRP','1975-01-13','1982-08-22',111,1.953),(112,86,'GRP','1991-11-13','1983-06-08',154,48.86),(113,58,'GRP','2018-04-29','1997-08-07',124,41.19),(114,22,'OPZ','1976-02-03','2014-01-21',158,36.745),(115,69,'OPZ','1986-08-07','1988-08-01',145,95),(116,5,'OPZ','1982-09-10','1977-10-16',150,20.23549),(117,14,'GRP','2019-01-11','2000-08-14',154,60.1294184),(118,46,'GRP','2003-08-06','2009-12-18',173,90.22),(119,10,'OPZ','1975-02-25','2005-08-27',188,46.8),(120,39,'GRP','2010-01-30','2021-02-18',147,24.8712),(121,85,'GRP','1985-02-25','1974-11-24',187,17.8894869),(122,76,'GRP','2019-08-21','2013-11-27',161,43.63267116),(123,67,'GRP','2003-02-18','1973-08-05',101,21.3),(124,66,'GRP','2006-02-26','1976-04-24',156,74.8008),(125,19,'GRP','1997-06-12','2020-04-23',160,75.4300803),(126,97,'GRP','2016-08-03','2015-09-03',146,8.31),(127,32,'OPZ','2020-10-29','1985-08-12',134,72.664),(128,39,'GRP','2022-05-14','2019-08-06',191,95.861846),(129,80,'GRP','1975-06-06','2007-05-11',199,93.7991508),(130,89,'OPZ','1979-05-14','1992-09-21',125,54.08231),(131,80,'OPZ','1992-07-03','1990-12-24',109,70.76),(132,2,'GRP','2017-03-26','1997-03-25',180,67.11266682),(133,26,'GRP','1987-03-15','1979-09-21',106,23),(134,88,'OPZ','1979-01-11','2011-01-01',166,52.83),(135,76,'GRP','2000-06-12','2011-11-13',104,23.929956473),(136,16,'GRP','1992-08-12','1998-12-23',106,59),(137,15,'GRP','2021-01-18','1985-01-15',158,45.16999142),(138,55,'OPZ','1996-07-11','2008-03-02',195,21.7831638),(139,25,'GRP','1996-12-30','1974-12-13',189,77.99),(140,73,'OPZ','1986-05-18','1999-10-15',121,97.171808126),(141,42,'OPZ','2015-08-04','1998-02-28',128,55.2),(142,99,'GRP','2018-05-03','2004-11-10',187,13.082041),(143,59,'GRP','2006-11-03','1971-02-06',152,42.788),(144,100,'OPZ','1971-03-01','2016-07-06',134,52),(145,21,'OPZ','2002-05-31','1995-03-24',102,45.8534),(146,27,'OPZ','2019-11-09','2009-11-09',195,16),(147,4,'GRP','1975-04-06','1995-12-06',123,83.49),(148,34,'OPZ','1983-11-02','1974-11-18',180,52.973),(149,73,'GRP','1970-04-06','2014-09-16',164,28.3070595),(150,13,'GRP','1971-01-20','1975-11-06',136,67.9434),(151,72,'GRP','2004-10-16','1996-11-21',170,97.0474099),(152,58,'OPZ','2011-05-16','1994-01-22',161,81.5801007),(153,89,'OPZ','2000-11-22','1992-10-03',108,96.9152),(154,39,'OPZ','1976-03-31','1988-08-02',155,0.88810087),(155,24,'GRP','2011-10-11','1979-07-09',108,22.733221),(156,7,'OPZ','1983-11-15','1993-11-04',107,78),(157,35,'OPZ','2007-05-23','1984-06-27',166,29),(158,55,'GRP','2000-06-07','1999-09-29',157,82.788),(159,45,'GRP','1977-03-11','1994-03-13',182,51.06),(160,15,'OPZ','1977-03-10','1992-02-06',192,88.0278456),(161,44,'OPZ','1970-01-21','1975-03-15',129,94.34988),(162,25,'OPZ','1986-07-21','1977-01-01',114,97.01630943),(163,17,'GRP','2020-06-20','1982-04-25',125,62.57156723),(164,70,'OPZ','1970-09-01','1998-04-12',116,14.91),(165,12,'OPZ','1972-05-18','1982-12-31',145,78.27604),(166,92,'GRP','1995-11-20','1980-08-23',126,85.55),(167,85,'GRP','2010-01-26','1994-05-22',186,84.35695),(168,27,'GRP','2020-06-22','2022-03-30',119,1.057819),(169,47,'GRP','2007-03-04','2001-06-13',168,70.16044798),(170,10,'OPZ','1998-11-28','1997-10-11',160,52.3486),(171,100,'OPZ','2009-03-14','2005-11-15',192,64.314),(172,89,'GRP','1992-02-27','1980-04-07',136,86.8036),(173,9,'OPZ','1975-05-23','2003-09-05',119,41),(174,58,'GRP','1984-06-23','2018-07-19',151,53.473673134),(175,88,'OPZ','2009-10-19','1986-03-23',161,65.5510973),(176,29,'OPZ','2014-03-09','1987-01-10',184,17.4),(177,85,'OPZ','1985-11-11','1992-12-21',179,52.3237),(178,92,'GRP','1994-02-24','1974-05-30',161,15.42097),(179,63,'GRP','1972-01-25','2016-05-06',109,65.04743214),(180,57,'GRP','2009-08-06','1974-12-23',115,23.33297414),(181,4,'OPZ','1994-04-18','2019-11-30',169,80.45524),(182,35,'OPZ','2017-11-06','2005-05-03',120,97.974855),(183,15,'GRP','1977-12-28','2019-03-21',146,21.96860948),(184,92,'GRP','1971-05-28','1976-04-11',175,57.557),(185,74,'GRP','1986-02-08','1980-04-19',119,39.40847872),(186,38,'OPZ','1990-03-06','2010-07-29',199,15.792798864),(187,99,'OPZ','2009-02-03','2010-01-26',161,80.87482),(188,9,'GRP','1996-04-23','1986-12-30',119,71.26463548),(189,93,'OPZ','2020-10-21','2018-06-05',194,87),(190,44,'GRP','2013-05-07','1990-07-05',182,79.31),(191,24,'GRP','1995-06-06','1985-01-07',151,27.1),(192,37,'GRP','1976-05-17','2003-11-04',177,71.52756228),(193,68,'GRP','1970-05-09','2015-09-04',164,59),(194,40,'GRP','1979-11-05','1975-11-30',100,6.6343165),(195,6,'OPZ','2005-06-26','2007-10-16',122,6.396999),(196,80,'OPZ','1972-05-03','1971-10-29',110,70.01),(197,32,'GRP','2016-03-22','1970-04-30',145,71.5816498),(198,91,'GRP','1980-02-18','1989-03-13',114,90.63888),(199,6,'GRP','1984-04-06','1994-06-22',104,62.932),(200,79,'GRP','2019-10-19','1991-01-30',176,6),(201,100,'GRP','1970-12-30','2002-03-09',167,61.7),(202,6,'OPZ','2013-02-15','1977-01-01',109,70.41414523),(203,67,'GRP','2022-02-18','1990-12-31',162,79.126695),(204,8,'GRP','1992-10-05','1998-07-03',123,82.74),(205,64,'GRP','2010-11-22','1976-11-27',195,51.7485),(206,54,'GRP','2001-04-28','2003-01-08',129,11.842),(207,37,'OPZ','1992-01-28','1975-08-20',185,67.961551),(208,48,'GRP','2020-11-03','2022-04-24',198,72.57),(209,45,'OPZ','2017-05-01','2012-04-25',141,15.1117),(210,99,'OPZ','2022-08-16','2011-12-17',148,86.7068103),(211,5,'GRP','1974-12-06','2017-06-09',177,0.402),(212,49,'GRP','2005-01-18','1990-05-18',184,0.912),(213,34,'GRP','1992-03-21','1974-09-08',165,72.4303696),(214,19,'GRP','2019-07-24','1988-07-24',150,95.82653292),(215,41,'OPZ','1983-08-26','1988-10-01',150,38.008067),(216,7,'OPZ','1993-08-16','1988-11-20',138,80),(217,57,'OPZ','1980-07-13','1994-10-29',167,74.310105),(218,39,'GRP','2004-05-19','2012-05-03',165,13.41566),(219,15,'GRP','1998-05-17','2014-11-05',148,99.366),(220,49,'GRP','1987-10-09','2007-01-19',183,8),(221,82,'GRP','2017-01-17','1989-01-28',125,15.510088),(222,38,'GRP','1993-04-26','2008-08-26',124,42.5578),(223,85,'OPZ','2002-03-31','1970-09-15',109,44.103146),(224,50,'OPZ','1974-10-18','2014-01-25',160,95.5),(225,78,'GRP','1996-10-18','1985-03-07',128,49),(226,91,'GRP','2020-01-22','2005-06-26',149,96.29625832),(227,29,'OPZ','2016-09-21','1974-07-29',184,89.276483277),(228,10,'OPZ','2009-05-02','1978-06-15',155,79.7),(229,81,'OPZ','2006-04-09','1974-08-27',171,11.2837),(230,35,'OPZ','1986-08-22','1986-03-14',193,52.89101938),(231,88,'GRP','1989-12-02','2007-09-05',108,54.595685822),(232,80,'GRP','1972-12-25','2009-04-07',114,20.1),(233,40,'GRP','2010-11-25','1976-07-05',193,60.185),(234,54,'GRP','1975-06-11','2021-10-10',186,13.42),(235,87,'OPZ','1999-07-10','1983-08-12',124,3.07536251),(236,3,'OPZ','2002-01-01','2012-12-04',159,83.001),(237,8,'OPZ','2003-01-06','1971-01-03',120,59.54013),(238,23,'OPZ','1975-12-11','2022-03-28',137,50.5570192),(239,51,'GRP','2017-06-02','1971-10-11',119,63.62103),(240,53,'GRP','1984-01-04','2018-04-07',176,1),(241,22,'GRP','2012-10-31','2011-05-26',114,37.31),(242,55,'GRP','2011-08-06','1989-10-24',122,31),(243,2,'OPZ','2016-06-30','1996-08-14',153,20.35),(244,55,'GRP','2011-04-30','2008-06-22',194,15.76),(245,74,'GRP','1979-11-21','2000-01-31',181,85.4),(246,42,'OPZ','2018-07-16','1998-07-19',143,68.42),(247,62,'OPZ','1971-01-14','1991-12-09',198,97.703676018),(248,30,'OPZ','1998-04-04','2010-08-13',136,95.1470002),(249,81,'GRP','2020-07-10','2019-07-02',144,84.8),(250,76,'GRP','1990-05-27','2007-02-19',151,1.37),(251,79,'OPZ','1983-02-20','2016-12-17',144,46.84841323),(252,63,'GRP','1987-11-20','1989-11-07',127,28.671),(253,14,'GRP','1998-10-31','1990-07-16',124,43.137166902),(254,63,'GRP','2002-11-10','1972-10-03',170,33.817225),(255,13,'GRP','1979-02-19','1997-11-29',140,38.9),(256,91,'OPZ','1987-11-23','2005-08-16',107,23.51631011),(257,53,'OPZ','2019-06-20','1997-03-09',148,51.19027596),(258,41,'GRP','2002-09-05','2006-09-03',106,38.411462),(259,1,'OPZ','2006-03-18','2014-05-03',139,95.463462684),(260,33,'OPZ','1989-08-19','1996-02-14',114,45.22539),(261,76,'GRP','2014-01-16','2015-04-11',160,24.43308464),(262,88,'GRP','1973-08-12','1995-12-27',152,37.2388),(263,13,'OPZ','2014-03-10','1983-08-02',121,43.5),(264,16,'GRP','2015-10-03','1994-02-23',102,90.451244),(265,42,'GRP','1980-03-18','2015-08-16',165,45.88536),(266,100,'GRP','2019-09-10','2008-05-27',196,16.778),(267,19,'GRP','2008-04-23','1979-11-17',140,9.124559),(268,50,'GRP','1986-03-23','1995-06-07',177,23.057499),(269,22,'GRP','1995-07-25','1979-03-08',170,60.336088184),(270,69,'OPZ','1978-01-02','1977-03-11',140,79.803),(271,2,'OPZ','1999-01-27','1977-03-09',193,30.239957),(272,44,'OPZ','1973-05-11','2008-10-25',198,18.2),(273,24,'GRP','2020-05-14','1981-09-27',154,95.6849),(274,3,'OPZ','1985-11-09','1982-02-08',173,70.0455898),(275,99,'GRP','2005-11-03','2008-10-10',146,67.59338694),(276,97,'OPZ','2003-07-31','2012-03-10',122,47),(277,45,'OPZ','1992-01-26','1970-01-09',180,82.378),(278,60,'OPZ','1973-06-17','1970-03-06',184,7.03202198),(279,27,'GRP','1977-04-04','1997-12-23',183,16.2996189),(280,26,'GRP','2015-07-14','1999-10-25',139,22.894323),(281,35,'OPZ','1980-09-10','1991-08-14',171,79.3931521),(282,5,'OPZ','2002-08-16','2009-01-09',148,15.40903403),(283,88,'GRP','2005-01-31','2018-05-23',198,59.640314),(284,49,'OPZ','1980-06-27','2015-01-17',110,93.844492),(285,67,'GRP','1981-04-02','1978-02-17',161,28.03425),(286,100,'OPZ','1971-11-29','2001-08-16',121,12.93650084),(287,40,'OPZ','1978-03-17','2021-07-16',198,34.07868),(288,20,'OPZ','2013-11-01','1980-09-22',187,41.05352),(289,41,'GRP','2001-05-25','2009-06-25',119,94.3055),(290,40,'OPZ','2013-12-21','1997-10-21',173,57.252),(291,53,'OPZ','2004-09-09','1984-11-24',120,48.213),(292,17,'GRP','2007-06-03','1987-01-23',152,86.2529449),(293,28,'GRP','1972-02-18','1989-11-16',173,0.96748448),(294,66,'OPZ','2011-04-20','1998-02-09',141,46.8),(295,32,'GRP','2000-12-21','1977-08-23',122,96.06212),(296,69,'OPZ','1987-09-16','1975-05-30',105,23.971216),(297,65,'OPZ','1989-06-13','1977-05-22',111,67.6),(298,50,'GRP','2018-10-22','1999-10-13',107,82.5228081),(299,19,'OPZ','1977-07-26','1984-04-24',147,73),(300,86,'GRP','1987-06-12','2010-10-11',118,74.5246748);
/*!40000 ALTER TABLE `nov_str` ENABLE KEYS */;
UNLOCK TABLES;

--
-- Table structure for table `nov_str_GRP`
--

DROP TABLE IF EXISTS `nov_str_GRP`;
/*!40101 SET @saved_cs_client     = @@character_set_client */;
/*!40101 SET character_set_client = utf8 */;
CREATE TABLE `nov_str_GRP` (
  `id` bigint(20) unsigned NOT NULL AUTO_INCREMENT,
  `nov_str_GRP_id` bigint(20) unsigned NOT NULL,
  `massa` int(10) unsigned DEFAULT NULL COMMENT 'масса проппанта',
  `companiya` enum('SHLB','SNPH') COLLATE utf8mb4_unicode_ci DEFAULT NULL COMMENT 'компания подрядчик',
  `Ppl` int(10) unsigned NOT NULL COMMENT 'пластовое давление',
  `Scin` int(10) unsigned DEFAULT NULL COMMENT 'значение скина',
  `JD` int(10) unsigned NOT NULL COMMENT 'коэфф',
  `Hf` int(10) unsigned NOT NULL COMMENT 'длина трещины',
  `Wf` int(11) NOT NULL COMMENT 'ширина трещины',
  PRIMARY KEY (`id`),
  KEY `nov_str_GRP_id` (`nov_str_GRP_id`),
  CONSTRAINT `nov_str_GRP_ibfk_1` FOREIGN KEY (`nov_str_GRP_id`) REFERENCES `nov_str` (`id`) ON DELETE CASCADE ON UPDATE CASCADE
) ENGINE=InnoDB AUTO_INCREMENT=101 DEFAULT CHARSET=utf8mb4 COLLATE=utf8mb4_unicode_ci;
/*!40101 SET character_set_client = @saved_cs_client */;

--
-- Dumping data for table `nov_str_GRP`
--

LOCK TABLES `nov_str_GRP` WRITE;
/*!40000 ALTER TABLE `nov_str_GRP` DISABLE KEYS */;
INSERT INTO `nov_str_GRP` VALUES (1,270,10,'SHLB',243,0,4,63,5),(2,197,7,'SHLB',209,0,4,144,2),(3,294,36,'SNPH',298,4,1,69,3),(4,135,40,'SNPH',162,0,6,161,3),(5,12,31,'SHLB',163,2,2,95,3),(6,41,23,'SHLB',184,4,3,99,3),(7,283,23,'SHLB',265,0,3,216,3),(8,13,39,'SNPH',287,4,5,125,4),(9,43,35,'SHLB',238,3,5,192,4),(10,219,9,'SNPH',174,0,2,213,2),(11,178,35,'SHLB',275,0,3,116,5),(12,262,40,'SHLB',195,0,2,71,5),(13,12,45,'SHLB',249,0,5,136,4),(14,142,7,'SNPH',210,0,6,215,1),(15,10,28,'SHLB',252,0,1,175,4),(16,275,10,'SNPH',187,1,1,114,2),(17,267,49,'SNPH',217,0,4,163,1),(18,276,37,'SHLB',205,0,4,83,1),(19,149,33,'SHLB',151,1,4,229,2),(20,227,15,'SNPH',175,0,2,102,2),(21,56,42,'SHLB',182,1,5,118,4),(22,202,8,'SHLB',290,0,4,210,3),(23,97,24,'SNPH',208,4,6,190,1),(24,152,10,'SNPH',155,0,5,56,3),(25,51,36,'SHLB',261,2,4,182,5),(26,36,21,'SNPH',163,5,6,137,3),(27,73,35,'SNPH',184,0,5,223,3),(28,243,39,'SHLB',163,0,4,147,3),(29,251,44,'SNPH',260,0,2,221,5),(30,29,38,'SHLB',299,0,4,99,5),(31,288,49,'SHLB',169,0,5,203,3),(32,220,48,'SNPH',167,0,1,91,2),(33,226,7,'SNPH',188,0,3,227,4),(34,281,30,'SNPH',234,2,4,189,2),(35,54,43,'SHLB',174,0,5,194,2),(36,238,14,'SHLB',242,0,4,104,3),(37,22,50,'SHLB',182,1,2,79,5),(38,37,8,'SNPH',180,3,3,78,2),(39,250,33,'SNPH',252,2,2,59,5),(40,64,38,'SHLB',262,3,4,99,2),(41,255,9,'SNPH',210,0,3,54,4),(42,128,25,'SNPH',296,0,1,93,4),(43,26,29,'SNPH',197,1,4,157,5),(44,267,33,'SNPH',252,4,3,157,5),(45,269,45,'SNPH',212,0,6,171,5),(46,35,5,'SHLB',278,3,6,112,2),(47,242,33,'SNPH',298,3,5,248,5),(48,235,14,'SHLB',219,4,4,247,4),(49,10,42,'SNPH',244,4,2,55,4),(50,90,19,'SNPH',162,0,5,116,4),(51,162,6,'SNPH',206,4,3,127,3),(52,65,30,'SHLB',229,0,5,226,3),(53,291,11,'SHLB',225,0,5,150,3),(54,258,22,'SNPH',214,0,5,127,4),(55,217,15,'SNPH',276,0,1,92,1),(56,42,6,'SNPH',247,0,6,186,2),(57,294,28,'SNPH',296,4,1,192,3),(58,289,36,'SHLB',234,0,3,241,3),(59,285,44,'SNPH',197,0,1,209,3),(60,244,11,'SHLB',158,0,2,217,3),(61,17,27,'SNPH',262,0,6,209,2),(62,272,7,'SNPH',241,0,4,205,4),(63,163,32,'SNPH',262,0,3,126,4),(64,243,7,'SNPH',215,0,3,225,2),(65,253,34,'SHLB',228,3,6,230,4),(66,217,49,'SHLB',228,0,1,223,2),(67,180,48,'SHLB',174,0,3,87,2),(68,274,13,'SHLB',174,0,3,204,3),(69,253,15,'SNPH',241,0,3,180,5),(70,129,23,'SHLB',272,1,2,237,4),(71,38,28,'SHLB',244,0,5,144,5),(72,208,45,'SHLB',164,4,4,248,4),(73,256,9,'SNPH',218,0,6,212,2),(74,63,36,'SNPH',290,2,3,64,3),(75,174,13,'SNPH',223,0,3,131,1),(76,225,41,'SHLB',158,3,3,214,4),(77,97,16,'SNPH',268,0,6,191,4),(78,116,8,'SNPH',188,0,2,116,4),(79,160,12,'SHLB',255,2,3,188,4),(80,107,44,'SNPH',235,0,3,105,3),(81,205,50,'SNPH',200,5,4,68,3),(82,21,31,'SNPH',222,0,4,88,3),(83,171,43,'SHLB',252,2,5,216,5),(84,196,25,'SNPH',203,3,6,170,3),(85,279,13,'SNPH',235,0,1,61,5),(86,87,7,'SHLB',240,0,3,171,2),(87,238,36,'SHLB',253,2,2,189,3),(88,272,35,'SNPH',260,0,5,138,1),(89,76,44,'SHLB',200,0,4,92,2),(90,222,23,'SHLB',268,3,2,109,2),(91,215,49,'SHLB',195,0,3,79,2),(92,93,42,'SHLB',157,4,5,162,3),(93,194,41,'SNPH',259,0,2,190,1),(94,78,28,'SNPH',250,0,3,134,5),(95,35,16,'SNPH',194,1,6,55,4),(96,146,30,'SNPH',154,4,2,198,3),(97,295,49,'SNPH',243,0,5,201,4),(98,214,30,'SHLB',183,0,1,78,5),(99,120,25,'SNPH',187,0,3,152,3),(100,247,43,'SHLB',154,1,3,166,2);
/*!40000 ALTER TABLE `nov_str_GRP` ENABLE KEYS */;
UNLOCK TABLES;

--
-- Table structure for table `nov_str_OPZ`
--

DROP TABLE IF EXISTS `nov_str_OPZ`;
/*!40101 SET @saved_cs_client     = @@character_set_client */;
/*!40101 SET character_set_client = utf8 */;
CREATE TABLE `nov_str_OPZ` (
  `id` bigint(20) unsigned NOT NULL AUTO_INCREMENT,
  `nov_str_OPZ_id` bigint(20) unsigned NOT NULL,
  `obem` int(10) unsigned DEFAULT NULL COMMENT 'объем закачки',
  `companiya` enum('NGTH','MNGP') COLLATE utf8mb4_unicode_ci DEFAULT NULL COMMENT 'компания подрядчик',
  `Ppl` int(10) unsigned NOT NULL COMMENT 'пластовое давление',
  `Scin` int(10) unsigned DEFAULT NULL COMMENT 'значение скина',
  PRIMARY KEY (`id`),
  KEY `nov_str_OPZ_id` (`nov_str_OPZ_id`),
  CONSTRAINT `nov_str_OPZ_ibfk_1` FOREIGN KEY (`nov_str_OPZ_id`) REFERENCES `nov_str` (`id`) ON DELETE CASCADE ON UPDATE CASCADE
) ENGINE=InnoDB AUTO_INCREMENT=201 DEFAULT CHARSET=utf8mb4 COLLATE=utf8mb4_unicode_ci;
/*!40101 SET character_set_client = @saved_cs_client */;

--
-- Dumping data for table `nov_str_OPZ`
--

LOCK TABLES `nov_str_OPZ` WRITE;
/*!40000 ALTER TABLE `nov_str_OPZ` DISABLE KEYS */;
INSERT INTO `nov_str_OPZ` VALUES (1,282,7,'NGTH',182,3),(2,280,9,'NGTH',122,2),(3,148,10,'MNGP',160,0),(4,70,8,'MNGP',214,1),(5,174,22,'MNGP',156,0),(6,211,24,'NGTH',181,0),(7,197,21,'MNGP',129,0),(8,21,17,'MNGP',165,0),(9,63,11,'MNGP',104,0),(10,93,15,'MNGP',157,0),(11,296,23,'MNGP',139,0),(12,16,18,'MNGP',102,0),(13,183,22,'MNGP',152,0),(14,113,23,'MNGP',120,0),(15,143,6,'MNGP',116,2),(16,238,10,'MNGP',185,4),(17,90,16,'MNGP',119,0),(18,42,16,'NGTH',186,0),(19,125,17,'MNGP',115,0),(20,102,19,'NGTH',174,2),(21,85,15,'MNGP',209,0),(22,44,17,'NGTH',217,0),(23,81,18,'MNGP',161,0),(24,181,8,'NGTH',154,2),(25,166,8,'NGTH',198,3),(26,295,6,'MNGP',146,1),(27,171,16,'NGTH',110,0),(28,265,10,'NGTH',206,0),(29,231,11,'MNGP',173,4),(30,85,18,'MNGP',101,5),(31,130,20,'MNGP',196,3),(32,213,9,'MNGP',103,5),(33,65,18,'MNGP',183,2),(34,277,11,'NGTH',159,2),(35,282,15,'MNGP',231,3),(36,239,8,'MNGP',198,0),(37,187,20,'MNGP',180,0),(38,179,8,'NGTH',180,0),(39,259,19,'NGTH',162,0),(40,250,24,'NGTH',200,0),(41,272,7,'MNGP',142,5),(42,255,11,'NGTH',221,0),(43,266,16,'MNGP',204,0),(44,154,23,'NGTH',209,0),(45,67,14,'MNGP',110,0),(46,109,18,'NGTH',117,0),(47,92,9,'NGTH',205,0),(48,157,12,'NGTH',137,0),(49,150,13,'MNGP',117,1),(50,217,23,'NGTH',203,0),(51,258,8,'NGTH',198,0),(52,234,10,'NGTH',233,2),(53,261,22,'MNGP',138,3),(54,39,17,'MNGP',113,0),(55,115,20,'NGTH',210,4),(56,126,22,'NGTH',165,2),(57,33,13,'NGTH',126,5),(58,286,21,'NGTH',106,0),(59,90,24,'MNGP',223,0),(60,264,11,'MNGP',183,2),(61,71,11,'NGTH',213,4),(62,220,15,'NGTH',208,0),(63,176,20,'MNGP',222,0),(64,135,9,'MNGP',177,0),(65,196,6,'NGTH',151,1),(66,158,11,'NGTH',235,0),(67,73,21,'MNGP',212,3),(68,83,14,'NGTH',170,0),(69,36,18,'MNGP',147,0),(70,32,7,'NGTH',137,2),(71,33,9,'NGTH',178,4),(72,7,10,'NGTH',121,3),(73,286,7,'NGTH',180,0),(74,299,24,'NGTH',102,0),(75,161,24,'NGTH',176,3),(76,52,18,'MNGP',207,1),(77,107,24,'MNGP',183,2),(78,253,21,'NGTH',208,0),(79,209,24,'NGTH',223,2),(80,256,14,'MNGP',150,2),(81,169,7,'MNGP',195,0),(82,167,17,'NGTH',135,4),(83,190,20,'NGTH',154,4),(84,130,11,'MNGP',139,0),(85,205,7,'MNGP',183,3),(86,5,15,'MNGP',115,0),(87,255,14,'MNGP',174,0),(88,238,18,'NGTH',184,3),(89,290,23,'MNGP',242,2),(90,45,12,'NGTH',235,0),(91,202,11,'MNGP',127,3),(92,60,19,'MNGP',213,0),(93,264,17,'NGTH',103,5),(94,77,14,'MNGP',191,2),(95,195,14,'NGTH',164,0),(96,160,19,'MNGP',107,0),(97,234,14,'MNGP',123,0),(98,267,22,'NGTH',119,0),(99,243,10,'MNGP',193,0),(100,269,24,'MNGP',165,0),(101,299,16,'MNGP',111,0),(102,276,19,'MNGP',238,1),(103,276,16,'MNGP',186,0),(104,284,18,'MNGP',127,0),(105,274,5,'NGTH',122,2),(106,136,15,'MNGP',146,1),(107,36,5,'MNGP',225,5),(108,80,12,'NGTH',208,0),(109,88,19,'NGTH',230,0),(110,244,15,'NGTH',221,2),(111,36,11,'NGTH',133,0),(112,257,23,'MNGP',113,0),(113,110,6,'MNGP',240,0),(114,226,25,'MNGP',115,4),(115,86,22,'NGTH',211,0),(116,15,17,'NGTH',175,0),(117,230,19,'NGTH',238,5),(118,41,12,'NGTH',160,0),(119,253,11,'NGTH',126,0),(120,220,21,'NGTH',119,1),(121,86,18,'MNGP',226,0),(122,154,8,'NGTH',108,3),(123,279,7,'NGTH',216,0),(124,49,22,'MNGP',169,2),(125,230,8,'MNGP',179,3),(126,173,12,'MNGP',164,3),(127,209,12,'NGTH',170,0),(128,164,12,'NGTH',222,1),(129,140,12,'NGTH',209,0),(130,151,14,'MNGP',102,0),(131,133,18,'NGTH',138,2),(132,138,16,'MNGP',212,5),(133,126,18,'MNGP',159,3),(134,108,21,'MNGP',104,1),(135,122,17,'MNGP',178,2),(136,100,13,'MNGP',114,0),(137,243,17,'NGTH',233,1),(138,157,19,'MNGP',191,3),(139,179,14,'NGTH',101,0),(140,31,8,'NGTH',168,0),(141,101,21,'NGTH',210,0),(142,215,24,'MNGP',138,1),(143,288,12,'NGTH',139,5),(144,210,21,'MNGP',242,0),(145,141,9,'NGTH',108,5),(146,74,12,'NGTH',162,4),(147,225,22,'MNGP',142,0),(148,70,20,'MNGP',217,1),(149,115,6,'NGTH',242,0),(150,177,9,'MNGP',181,0),(151,289,12,'NGTH',206,0),(152,200,14,'NGTH',163,3),(153,31,16,'MNGP',176,1),(154,268,8,'NGTH',221,3),(155,249,7,'NGTH',244,0),(156,260,19,'MNGP',175,0),(157,140,13,'NGTH',149,0),(158,157,9,'NGTH',220,0),(159,124,16,'MNGP',221,0),(160,280,8,'MNGP',156,0),(161,8,6,'MNGP',160,3),(162,256,5,'MNGP',176,4),(163,117,6,'MNGP',129,0),(164,134,15,'MNGP',222,0),(165,63,14,'NGTH',151,0),(166,239,13,'MNGP',199,0),(167,233,17,'MNGP',194,4),(168,6,15,'NGTH',227,0),(169,95,10,'NGTH',206,3),(170,112,11,'NGTH',219,0),(171,37,17,'MNGP',145,4),(172,195,21,'MNGP',245,0),(173,26,18,'NGTH',216,0),(174,24,21,'MNGP',189,2),(175,105,15,'NGTH',217,0),(176,167,12,'NGTH',101,1),(177,98,20,'NGTH',164,0),(178,30,17,'NGTH',158,0),(179,237,5,'NGTH',108,0),(180,212,20,'MNGP',137,5),(181,206,9,'MNGP',152,3),(182,225,22,'MNGP',225,2),(183,112,14,'NGTH',140,0),(184,236,13,'NGTH',144,0),(185,193,20,'NGTH',203,0),(186,60,20,'MNGP',199,0),(187,196,14,'MNGP',120,4),(188,33,6,'MNGP',230,2),(189,216,7,'MNGP',176,2),(190,19,9,'NGTH',201,5),(191,12,22,'NGTH',200,1),(192,223,11,'NGTH',204,0),(193,275,22,'NGTH',206,0),(194,129,13,'MNGP',209,1),(195,57,12,'NGTH',135,0),(196,37,6,'MNGP',120,3),(197,67,24,'NGTH',228,1),(198,289,8,'NGTH',140,2),(199,42,11,'NGTH',201,0),(200,162,20,'NGTH',182,0);
/*!40000 ALTER TABLE `nov_str_OPZ` ENABLE KEYS */;
UNLOCK TABLES;

--
-- Table structure for table `pary`
--

DROP TABLE IF EXISTS `pary`;
/*!40101 SET @saved_cs_client     = @@character_set_client */;
/*!40101 SET character_set_client = utf8 */;
CREATE TABLE `pary` (
  `para1_well_id` bigint(20) unsigned NOT NULL,
  `para2_well_id` bigint(20) unsigned NOT NULL,
  `status` enum('влияют','не влияют') COLLATE utf8mb4_unicode_ci DEFAULT NULL,
  `requested_at` datetime DEFAULT current_timestamp(),
  `updated_at` datetime DEFAULT NULL ON UPDATE current_timestamp(),
  PRIMARY KEY (`para1_well_id`,`para2_well_id`),
  KEY `para2_well_id` (`para2_well_id`),
  CONSTRAINT `pary_ibfk_1` FOREIGN KEY (`para1_well_id`) REFERENCES `well` (`id`) ON DELETE CASCADE ON UPDATE CASCADE,
  CONSTRAINT `pary_ibfk_2` FOREIGN KEY (`para2_well_id`) REFERENCES `well` (`id`) ON DELETE CASCADE ON UPDATE CASCADE
) ENGINE=InnoDB DEFAULT CHARSET=utf8mb4 COLLATE=utf8mb4_unicode_ci;
/*!40101 SET character_set_client = @saved_cs_client */;

--
-- Dumping data for table `pary`
--

LOCK TABLES `pary` WRITE;
/*!40000 ALTER TABLE `pary` DISABLE KEYS */;
INSERT INTO `pary` VALUES (1,12,'влияют','1993-10-08 22:02:56','2017-04-03 10:34:34'),(1,36,'не влияют','2006-12-16 02:49:22','1985-12-30 12:02:41'),(1,71,'влияют','1988-12-13 20:44:15','1996-11-12 13:09:56'),(2,18,'не влияют','1999-10-30 17:38:28','1995-02-03 08:07:12'),(2,29,'не влияют','1982-06-25 15:29:44','2010-02-01 13:17:54'),(2,55,'не влияют','1977-09-04 01:22:56','1972-09-14 06:19:28'),(3,58,'не влияют','1976-07-30 17:25:24','2013-05-30 22:31:04'),(4,75,'не влияют','1971-05-29 19:11:45','2015-08-31 02:28:06'),(5,58,'не влияют','1987-09-30 09:11:32','2008-03-25 12:11:56'),(6,7,'влияют','2015-10-13 18:30:21','2008-12-14 14:23:43'),(6,24,'влияют','2018-03-07 21:06:08','1979-01-21 06:03:57'),(8,95,'влияют','2022-02-06 09:42:03','2019-09-17 15:00:16'),(9,2,'не влияют','1979-09-03 09:15:33','1988-02-27 04:43:32'),(9,5,'не влияют','1977-09-11 06:07:19','1974-12-07 18:40:51'),(9,75,'не влияют','2001-01-03 05:32:57','2004-09-13 00:56:47'),(11,13,'не влияют','1997-07-15 21:39:08','1990-10-15 04:56:52'),(11,29,'не влияют','2014-06-19 06:11:58','1970-09-18 23:36:59'),(11,55,'влияют','1979-03-17 11:10:21','1985-12-25 20:58:21'),(11,66,'влияют','1978-11-12 14:21:03','2006-11-20 06:56:56'),(14,19,'не влияют','1979-08-22 19:00:26','2001-08-17 17:28:34'),(14,20,'не влияют','2007-05-07 21:09:52','2020-04-24 09:50:20'),(14,54,'не влияют','1988-04-27 01:39:56','1999-12-27 05:40:06'),(15,29,'влияют','2007-03-20 20:02:47','1971-05-27 12:15:30'),(16,60,'не влияют','1988-12-29 01:24:22','2021-04-14 17:40:54'),(17,17,'влияют','1997-11-28 01:21:56','1994-03-30 00:16:55'),(17,20,'не влияют','2021-01-27 02:12:52','2009-02-01 13:00:43'),(17,42,'влияют','2010-10-05 13:50:59','1976-10-26 12:12:32'),(17,100,'не влияют','2007-01-27 09:41:58','1970-03-30 10:29:18'),(18,14,'влияют','2018-09-24 09:56:08','1984-09-22 20:09:23'),(18,48,'не влияют','2009-05-12 16:58:44','1997-02-01 12:01:35'),(18,54,'не влияют','1983-02-03 22:47:46','1987-01-13 09:20:48'),(18,81,'не влияют','1986-02-06 23:15:14','2013-07-15 17:39:50'),(19,16,'не влияют','1991-08-09 16:30:16','1984-05-07 16:09:19'),(21,65,'влияют','2015-10-06 17:51:02','2018-09-15 13:56:11'),(21,67,'не влияют','1997-04-17 21:50:28','1999-10-06 16:32:57'),(21,98,'не влияют','1978-05-05 22:10:00','1998-04-18 01:27:04'),(22,4,'влияют','1996-12-17 01:34:07','1980-09-07 04:42:36'),(22,5,'влияют','2017-02-21 01:54:27','1970-01-26 03:22:55'),(22,6,'не влияют','1990-09-25 16:17:01','1983-12-07 19:40:16'),(22,20,'влияют','2011-03-19 00:49:51','2012-02-24 00:38:40'),(22,77,'влияют','2022-03-15 18:57:49','1985-08-27 14:13:02'),(22,86,'влияют','2015-06-19 16:09:54','2002-10-13 17:58:15'),(23,12,'влияют','2008-01-07 15:12:33','1976-07-25 20:14:02'),(23,100,'влияют','2017-06-06 15:08:11','1979-10-07 01:42:29'),(24,100,'влияют','2021-10-24 19:47:45','2016-02-22 22:15:52'),(25,3,'влияют','1998-07-05 07:10:29','2016-04-04 00:21:24'),(25,80,'влияют','2020-03-29 06:48:01','1990-09-02 18:30:46'),(26,53,'влияют','1975-05-31 17:35:33','2019-08-25 11:12:26'),(26,64,'влияют','1975-04-09 09:45:04','1986-01-26 04:55:10'),(26,97,'не влияют','2001-09-01 20:17:52','2004-04-21 05:54:51'),(27,71,'влияют','1973-05-04 10:01:00','2014-10-26 11:32:27'),(28,18,'не влияют','2004-05-16 06:05:10','1993-05-09 20:22:32'),(28,35,'не влияют','1972-04-03 13:36:42','1970-04-05 04:04:21'),(28,72,'влияют','1979-07-14 20:41:06','2014-01-12 20:18:59'),(29,15,'не влияют','1987-04-05 21:41:22','1976-04-22 13:34:01'),(29,50,'влияют','1978-04-07 22:11:31','1978-06-09 12:30:32'),(29,63,'влияют','2003-08-31 05:38:14','2019-12-29 22:17:07'),(29,67,'не влияют','1973-05-10 13:53:14','1973-02-13 23:26:56'),(29,69,'влияют','2020-10-03 06:10:08','2013-01-28 05:40:37'),(29,74,'влияют','2000-07-30 01:48:54','1970-12-04 07:37:14'),(30,16,'влияют','2003-04-01 07:39:31','1995-03-25 11:48:24'),(30,37,'влияют','2008-01-16 12:32:25','2006-03-28 05:23:23'),(31,8,'влияют','1990-05-27 03:54:55','1973-07-07 06:07:03'),(31,12,'не влияют','1991-08-16 10:44:03','1980-11-23 03:37:23'),(31,50,'влияют','1992-08-29 16:15:02','2002-05-30 09:16:02'),(31,57,'не влияют','1973-01-03 13:06:59','1974-07-20 06:53:28'),(31,92,'влияют','1988-07-14 20:56:18','2021-05-21 14:41:31'),(32,22,'влияют','2016-11-16 14:41:35','1970-05-09 15:08:34'),(33,54,'влияют','2021-12-08 13:58:00','2001-01-24 00:35:00'),(33,93,'влияют','1990-10-10 23:49:54','1970-06-26 21:46:31'),(34,16,'не влияют','1998-04-06 16:47:52','1988-12-15 04:56:29'),(35,42,'влияют','2013-09-29 19:26:38','2010-09-29 16:12:08'),(35,54,'влияют','1989-09-25 22:25:04','1997-06-19 19:52:43'),(36,60,'влияют','2008-09-05 00:40:11','2012-10-28 09:03:50'),(36,64,'влияют','2020-11-16 18:06:31','2013-05-13 04:03:34'),(37,25,'влияют','1996-10-07 02:26:38','2018-10-27 20:04:40'),(37,30,'влияют','1992-04-21 02:51:58','1975-09-29 23:33:29'),(37,63,'не влияют','1989-02-07 06:11:01','2017-09-10 20:14:04'),(37,93,'влияют','1985-05-28 01:04:26','2017-12-26 20:45:50'),(38,96,'не влияют','2000-07-09 08:30:14','1989-03-10 02:01:07'),(40,17,'влияют','2002-06-22 07:56:26','1978-09-01 18:39:48'),(44,33,'не влияют','2009-07-28 08:41:50','2003-05-30 17:08:09'),(44,65,'влияют','1976-02-14 21:27:50','2007-04-17 01:03:52'),(45,91,'не влияют','1995-08-06 11:43:05','2011-10-29 19:25:02'),(46,43,'влияют','2022-07-22 00:33:31','1971-02-10 05:35:23'),(46,60,'не влияют','2018-08-20 02:43:55','1990-09-04 10:56:48'),(46,89,'не влияют','2003-09-14 23:30:31','2019-08-21 12:07:21'),(47,72,'не влияют','1988-04-07 16:26:45','2000-04-22 04:14:40'),(48,5,'не влияют','2019-06-13 17:04:37','1993-12-29 23:05:50'),(48,55,'влияют','2015-05-30 18:34:09','1995-09-23 06:05:56'),(48,96,'влияют','1971-04-10 01:29:26','2016-11-03 14:35:28'),(49,97,'влияют','1997-02-10 19:08:16','1970-08-23 06:31:29'),(51,14,'влияют','1985-07-23 23:06:05','1985-04-09 09:35:42'),(52,24,'влияют','1991-12-25 18:40:13','1989-05-31 02:16:33'),(52,31,'не влияют','1982-04-22 11:08:12','2012-01-04 12:41:34'),(52,59,'не влияют','2021-02-18 12:32:53','2020-06-01 03:27:00'),(53,4,'влияют','1970-10-20 04:24:57','1984-07-05 06:30:46'),(53,18,'влияют','1989-12-07 10:22:55','1975-09-22 16:49:51'),(53,33,'влияют','1995-12-13 04:01:05','1979-05-02 01:17:30'),(54,32,'влияют','1975-01-13 19:16:28','1974-05-12 09:27:33'),(54,41,'не влияют','2012-11-26 05:24:19','1990-08-26 09:38:09'),(54,53,'не влияют','1978-04-17 05:01:40','1996-02-14 17:28:31'),(54,66,'не влияют','1979-09-29 07:07:00','2019-03-31 21:03:09'),(54,78,'влияют','1972-02-14 02:58:40','1983-11-16 22:04:42'),(55,15,'влияют','1992-11-23 14:44:29','2017-07-22 22:01:41'),(55,22,'влияют','1971-05-18 20:55:11','2019-06-22 10:06:22'),(55,49,'влияют','2009-12-20 17:19:05','2011-09-24 12:02:45'),(56,78,'не влияют','1998-12-02 01:17:17','1975-12-12 11:33:51'),(57,48,'не влияют','1979-03-02 16:56:55','2020-05-15 10:19:14'),(58,15,'влияют','2022-03-01 11:39:28','1974-03-25 15:53:48'),(59,3,'не влияют','2002-09-16 08:01:44','1978-06-15 14:26:49'),(60,23,'влияют','2010-05-23 09:36:07','1984-11-08 09:16:41'),(60,32,'влияют','2007-01-27 02:52:04','1973-04-14 13:08:51'),(60,41,'не влияют','2001-09-18 20:44:09','2006-06-15 12:30:35'),(61,28,'не влияют','1992-01-31 07:50:45','1982-04-07 06:02:06'),(61,54,'влияют','2005-06-27 22:56:17','1989-11-07 05:09:26'),(61,77,'не влияют','1984-10-12 08:47:58','2022-03-17 19:51:44'),(61,82,'влияют','2011-11-28 00:13:03','1990-05-07 02:59:39'),(62,50,'влияют','1986-10-29 03:12:21','1991-03-19 05:15:58'),(62,74,'не влияют','1992-10-03 16:08:30','1976-01-13 12:00:11'),(62,76,'не влияют','2003-10-18 05:39:42','1993-10-23 11:17:01'),(62,80,'влияют','1973-11-23 03:28:42','1984-05-06 23:26:15'),(62,81,'влияют','1980-07-24 05:56:26','1983-06-29 16:28:04'),(63,14,'влияют','2013-04-19 15:10:30','1987-01-21 05:53:20'),(63,25,'влияют','1991-11-10 15:13:18','1997-10-08 13:41:02'),(63,100,'не влияют','1993-05-24 19:58:41','2002-02-01 19:42:07'),(64,30,'не влияют','1985-03-01 14:24:19','2016-04-21 20:45:42'),(64,37,'влияют','1970-06-25 08:06:43','2000-06-13 19:42:50'),(65,30,'влияют','1990-12-21 03:39:54','1990-11-27 17:35:08'),(66,7,'влияют','1978-06-17 14:34:43','1987-03-07 22:45:57'),(66,35,'влияют','2010-11-08 07:05:40','1993-07-21 07:55:35'),(66,92,'влияют','2016-10-06 20:13:52','2012-05-20 05:24:14'),(67,5,'не влияют','2012-08-13 03:47:26','1970-07-02 11:24:28'),(67,96,'не влияют','1982-11-07 03:32:36','1995-03-22 00:51:40'),(68,59,'влияют','2016-10-30 01:16:37','2021-06-02 02:39:22'),(69,77,'не влияют','1987-08-21 00:18:50','1977-05-24 08:57:57'),(69,85,'не влияют','1978-01-14 18:08:44','1988-03-13 05:31:09'),(70,23,'влияют','2018-06-01 07:01:31','1993-09-24 08:38:22'),(70,59,'влияют','1998-09-15 00:01:56','1979-01-08 00:34:21'),(71,50,'влияют','2021-04-02 01:18:34','1984-02-26 17:40:01'),(71,58,'не влияют','1979-02-16 11:03:33','2001-06-23 07:34:28'),(72,70,'не влияют','2014-02-26 13:53:48','2019-09-01 19:19:37'),(72,80,'не влияют','1983-01-04 13:44:47','1993-07-01 10:15:34'),(72,85,'не влияют','2002-01-06 12:56:23','1980-03-18 20:14:53'),(72,94,'не влияют','1985-11-29 21:00:21','2008-12-27 06:11:13'),(73,33,'влияют','1985-07-19 00:07:13','2019-04-29 00:47:12'),(73,38,'не влияют','2019-06-19 07:08:37','1991-06-29 23:07:43'),(73,54,'не влияют','2005-05-07 12:23:57','1973-11-06 21:48:21'),(73,56,'влияют','1993-09-03 03:38:59','2021-02-14 03:24:42'),(73,62,'не влияют','2012-08-13 04:25:31','1970-09-12 22:32:30'),(74,57,'влияют','1974-07-19 12:32:40','2008-06-14 14:42:37'),(75,49,'не влияют','1984-08-12 09:14:27','1991-03-05 15:41:44'),(75,55,'влияют','2018-09-11 14:53:15','1998-01-08 03:57:22'),(75,74,'не влияют','2000-02-10 12:00:49','1980-06-25 18:48:04'),(76,14,'не влияют','1996-05-19 22:35:01','1980-05-02 19:10:44'),(76,37,'влияют','2002-06-08 11:25:16','2008-06-10 07:25:39'),(76,57,'не влияют','2014-11-03 14:44:23','2012-05-01 15:40:07'),(76,67,'влияют','1984-09-26 12:03:24','2000-09-05 06:57:28'),(77,1,'влияют','1977-10-05 11:01:43','2006-07-15 22:29:40'),(77,67,'не влияют','2011-09-17 01:53:08','1973-07-20 22:30:23'),(77,87,'не влияют','1988-06-05 14:39:02','1997-08-31 10:56:15'),(78,2,'влияют','2015-08-21 12:46:18','2006-10-13 16:44:06'),(78,40,'не влияют','1999-10-20 22:51:27','2008-07-19 01:37:16'),(78,69,'не влияют','2021-12-13 19:48:19','1998-02-25 12:27:29'),(78,80,'влияют','1983-09-14 18:23:32','2006-02-04 19:53:27'),(78,91,'не влияют','1987-05-05 04:58:20','1991-04-22 14:52:41'),(79,16,'не влияют','1992-02-26 01:22:15','1983-02-21 18:58:17'),(79,97,'не влияют','1977-11-30 05:18:04','1974-02-14 22:53:41'),(80,37,'не влияют','2004-04-23 07:41:49','2013-11-04 05:11:04'),(80,90,'влияют','1994-11-12 06:16:56','2004-08-27 00:46:34'),(81,16,'влияют','2007-12-12 22:22:50','2022-01-09 22:02:13'),(81,68,'не влияют','2019-11-26 13:12:21','2004-10-07 01:23:52'),(82,11,'не влияют','1980-05-22 08:25:09','1974-05-06 03:30:28'),(82,15,'не влияют','2018-04-20 09:57:48','1984-09-01 02:18:37'),(82,27,'влияют','2015-01-09 10:21:37','1985-07-25 04:25:47'),(82,28,'влияют','1996-12-04 10:06:12','1988-05-31 21:10:55'),(82,30,'влияют','1979-04-11 01:46:58','2012-07-30 19:12:54'),(83,24,'влияют','1979-04-25 12:43:00','2002-09-28 00:16:00'),(83,27,'не влияют','1993-02-28 10:48:15','1977-02-24 23:10:31'),(84,23,'влияют','1980-03-31 07:09:58','1991-09-04 03:17:43'),(85,39,'влияют','2013-08-07 05:08:19','2001-10-01 20:48:39'),(88,13,'не влияют','2018-03-16 22:32:40','2015-12-08 07:08:23'),(88,94,'не влияют','1980-04-06 09:51:24','1971-03-30 21:09:30'),(89,13,'не влияют','2021-12-29 14:37:14','2002-06-19 07:08:22'),(89,50,'влияют','1996-03-28 09:45:30','1992-11-05 13:23:30'),(90,29,'не влияют','1975-07-07 21:31:30','2021-04-21 02:41:17'),(90,33,'влияют','1982-01-15 04:44:32','1996-08-30 08:56:16'),(92,48,'влияют','1973-04-28 22:14:00','1978-07-12 17:00:54'),(92,52,'не влияют','1983-07-19 14:26:57','2012-03-27 23:10:12'),(92,90,'не влияют','2002-08-12 00:37:10','2019-08-03 07:12:33'),(93,79,'влияют','1986-09-16 12:34:18','2005-09-08 14:42:28'),(94,55,'влияют','1999-04-19 22:55:10','2020-02-17 20:25:39'),(95,34,'не влияют','1989-01-22 00:05:43','1972-02-03 11:28:29'),(95,52,'не влияют','2008-04-29 11:51:19','2008-04-29 04:15:32'),(96,79,'не влияют','2019-08-12 02:51:10','1974-05-12 10:09:59'),(97,44,'не влияют','1975-02-05 15:02:30','1972-10-16 14:10:57'),(97,74,'не влияют','1997-06-10 09:51:24','2002-07-03 12:53:18'),(98,48,'влияют','1978-02-19 01:18:47','2007-03-10 16:53:55'),(99,65,'не влияют','2015-03-29 22:53:13','2017-04-19 10:05:41'),(100,59,'влияют','2021-02-27 08:27:33','2020-06-20 05:50:49');
/*!40000 ALTER TABLE `pary` ENABLE KEYS */;
UNLOCK TABLES;

--
-- Table structure for table `plast`
--

DROP TABLE IF EXISTS `plast`;
/*!40101 SET @saved_cs_client     = @@character_set_client */;
/*!40101 SET character_set_client = utf8 */;
CREATE TABLE `plast` (
  `id` bigint(20) unsigned NOT NULL AUTO_INCREMENT,
  `name` enum('АВ1','АВ2','АВ3','БВ6','БВ8','БВ9','Ач1-4','ЮВ1','ЮВ2') COLLATE utf8mb4_unicode_ci DEFAULT NULL,
  `admin_well_id` bigint(20) unsigned DEFAULT NULL,
  PRIMARY KEY (`id`),
  KEY `plast_name_idx` (`name`),
  KEY `admin_well_id` (`admin_well_id`),
  CONSTRAINT `plast_ibfk_1` FOREIGN KEY (`admin_well_id`) REFERENCES `well` (`id`) ON DELETE SET NULL ON UPDATE CASCADE
) ENGINE=InnoDB AUTO_INCREMENT=11 DEFAULT CHARSET=utf8mb4 COLLATE=utf8mb4_unicode_ci;
/*!40101 SET character_set_client = @saved_cs_client */;

--
-- Dumping data for table `plast`
--

LOCK TABLES `plast` WRITE;
/*!40000 ALTER TABLE `plast` DISABLE KEYS */;
INSERT INTO `plast` VALUES (1,'АВ2',1),(2,'БВ6',2),(3,'Ач1-4',3),(4,'АВ2',4),(5,'БВ9',5),(6,'АВ1',6),(7,'ЮВ1',7),(8,'АВ2',8),(9,'БВ8',9),(10,'ЮВ2',10);
/*!40000 ALTER TABLE `plast` ENABLE KEYS */;
UNLOCK TABLES;

--
-- Table structure for table `tr`
--

DROP TABLE IF EXISTS `tr`;
/*!40101 SET @saved_cs_client     = @@character_set_client */;
/*!40101 SET character_set_client = utf8 */;
CREATE TABLE `tr` (
  `id` bigint(20) unsigned NOT NULL AUTO_INCREMENT,
  `tr_id` bigint(20) unsigned NOT NULL,
  `date_tr` date DEFAULT NULL COMMENT 'дата замера',
  `debit_gidk` int(10) unsigned DEFAULT NULL COMMENT 'дебит жидкости',
  `debit_neft` double DEFAULT NULL COMMENT 'дебит нефти',
  `obvod` int(10) unsigned DEFAULT NULL COMMENT 'обводненноость',
  `time_work` int(11) DEFAULT NULL COMMENT 'время работы',
  `metod` enum('ЭЦН','ФОНТАН') COLLATE utf8mb4_unicode_ci DEFAULT NULL COMMENT 'наличие оборудования',
  PRIMARY KEY (`id`),
  KEY `tr_id` (`tr_id`),
  CONSTRAINT `tr_ibfk_1` FOREIGN KEY (`tr_id`) REFERENCES `well` (`id`) ON DELETE CASCADE ON UPDATE CASCADE
) ENGINE=InnoDB AUTO_INCREMENT=501 DEFAULT CHARSET=utf8mb4 COLLATE=utf8mb4_unicode_ci;
/*!40101 SET character_set_client = @saved_cs_client */;

--
-- Dumping data for table `tr`
--

LOCK TABLES `tr` WRITE;
/*!40000 ALTER TABLE `tr` DISABLE KEYS */;
INSERT INTO `tr` VALUES (1,49,'2012-12-15',144,93.66205376,82,23,'ФОНТАН'),(2,38,'2017-03-08',131,77.933969199,47,9,'ФОНТАН'),(3,51,'1990-05-04',198,5.7866,89,17,'ЭЦН'),(4,6,'2021-05-29',161,74.349416,51,5,'ЭЦН'),(5,39,'1975-07-15',112,27.946375463,40,10,'ЭЦН'),(6,58,'2018-02-03',145,58.0173903,12,23,'ФОНТАН'),(7,46,'2004-08-08',126,54.2924692,94,3,'ЭЦН'),(8,84,'1973-04-09',140,92.992,72,19,'ЭЦН'),(9,65,'1981-12-14',126,50.17542,12,15,'ФОНТАН'),(10,88,'1996-05-05',176,55.9446,5,18,'ФОНТАН'),(11,11,'1999-10-09',167,41.01418,67,11,'ФОНТАН'),(12,12,'2013-04-24',189,84.61,81,4,'ФОНТАН'),(13,11,'1994-04-20',177,49.84927184,11,6,'ФОНТАН'),(14,67,'1978-07-19',174,15.123,67,3,'ФОНТАН'),(15,82,'1985-09-16',113,4.6,47,4,'ФОНТАН'),(16,66,'1984-08-23',143,15.182,93,3,'ФОНТАН'),(17,86,'1978-09-06',127,21,97,12,'ФОНТАН'),(18,93,'2018-02-21',160,1,92,16,'ЭЦН'),(19,60,'2015-03-26',151,99,59,4,'ЭЦН'),(20,71,'2017-06-21',194,63.96,72,8,'ЭЦН'),(21,94,'1985-01-13',193,73.738157644,16,6,'ФОНТАН'),(22,1,'1993-05-07',145,0.0772181,81,1,'ФОНТАН'),(23,49,'2003-08-10',131,61.9136,65,2,'ФОНТАН'),(24,51,'1982-07-29',145,69.71593828,35,5,'ЭЦН'),(25,21,'1991-05-16',152,19,55,8,'ЭЦН'),(26,62,'2022-03-22',174,26.0712,89,8,'ФОНТАН'),(27,79,'2009-12-26',177,48.9541,85,10,'ФОНТАН'),(28,95,'2009-10-09',200,56.47652,81,19,'ЭЦН'),(29,6,'2013-01-05',173,91.944108853,74,3,'ЭЦН'),(30,3,'1992-05-07',136,16.948643242,27,14,'ФОНТАН'),(31,95,'1987-04-14',187,64.88325,32,20,'ЭЦН'),(32,54,'1990-11-13',125,10.208847658,81,24,'ЭЦН'),(33,40,'1983-11-23',173,69.3264293,71,22,'ФОНТАН'),(34,45,'2013-04-11',118,67.9056,6,5,'ФОНТАН'),(35,60,'2012-08-17',133,4.585951,1,8,'ФОНТАН'),(36,79,'2011-11-09',170,67.6152,53,10,'ФОНТАН'),(37,2,'2018-03-17',131,99.66,25,22,'ЭЦН'),(38,6,'2017-07-20',183,5,21,22,'ФОНТАН'),(39,62,'2014-08-07',185,64.8,93,1,'ЭЦН'),(40,67,'1978-01-28',153,77,19,22,'ЭЦН'),(41,93,'2008-02-29',120,79.869054,32,13,'ЭЦН'),(42,73,'1990-04-20',140,97.31,35,22,'ФОНТАН'),(43,78,'1995-08-15',188,19.6219,3,5,'ЭЦН'),(44,3,'2001-03-02',160,90.924495501,52,8,'ЭЦН'),(45,40,'2013-01-15',102,70.2,99,6,'ЭЦН'),(46,59,'1986-07-23',165,47.3,16,4,'ЭЦН'),(47,69,'1977-11-29',183,13.28783851,86,21,'ЭЦН'),(48,26,'1981-03-14',113,24.784857,61,1,'ЭЦН'),(49,51,'1972-04-03',199,60.4509708,56,22,'ФОНТАН'),(50,28,'1995-08-07',144,32.459165,66,20,'ЭЦН'),(51,96,'1982-07-20',167,96.50819,59,13,'ЭЦН'),(52,45,'2005-01-01',145,62.4461,31,22,'ФОНТАН'),(53,28,'2020-04-18',139,90.3607,39,23,'ЭЦН'),(54,45,'1979-07-16',108,86.78266755,74,23,'ЭЦН'),(55,95,'1981-11-19',182,7.025,63,5,'ЭЦН'),(56,48,'2007-06-25',106,38.20072,31,3,'ЭЦН'),(57,6,'2021-07-10',197,10.82,73,2,'ФОНТАН'),(58,74,'2019-02-11',164,70,2,12,'ФОНТАН'),(59,42,'1974-01-08',197,48.5786,79,13,'ЭЦН'),(60,11,'1986-07-24',155,34.346718171,26,8,'ФОНТАН'),(61,76,'2006-05-07',104,60.285614,19,16,'ЭЦН'),(62,36,'2017-10-06',107,70.06586868,76,21,'ЭЦН'),(63,65,'2018-06-01',190,59.66521,41,5,'ЭЦН'),(64,16,'2015-07-01',171,51.312,69,21,'ФОНТАН'),(65,80,'2007-04-09',111,61.13745997,77,19,'ФОНТАН'),(66,24,'1981-09-04',149,55.2118,63,6,'ФОНТАН'),(67,95,'1991-10-29',197,40.1365,81,0,'ФОНТАН'),(68,82,'1976-09-10',114,26.3069,57,14,'ЭЦН'),(69,29,'1976-01-27',154,15.64101,45,1,'ФОНТАН'),(70,56,'1986-06-07',131,75.417918,51,19,'ФОНТАН'),(71,48,'1990-07-30',135,29.305367651,37,3,'ФОНТАН'),(72,22,'1975-09-09',186,4.34,45,18,'ФОНТАН'),(73,29,'2021-09-04',198,82.1427871,97,5,'ЭЦН'),(74,25,'2019-03-09',146,80.056039654,15,9,'ФОНТАН'),(75,24,'2003-04-23',104,27.6100794,57,7,'ФОНТАН'),(76,68,'2010-11-25',188,23.182,77,4,'ФОНТАН'),(77,84,'1990-09-07',132,20.01,38,7,'ЭЦН'),(78,92,'2016-08-25',111,48.8,68,4,'ФОНТАН'),(79,94,'2012-10-26',111,62.345598,39,2,'ЭЦН'),(80,34,'1978-07-25',145,40,80,21,'ЭЦН'),(81,20,'2008-08-15',186,90.8,18,6,'ФОНТАН'),(82,89,'1979-01-15',159,69.2,98,2,'ЭЦН'),(83,79,'1986-07-31',174,51,15,9,'ФОНТАН'),(84,47,'2015-06-13',173,40.467,51,4,'ЭЦН'),(85,33,'2014-11-07',192,37.3,9,24,'ФОНТАН'),(86,74,'1980-07-06',186,67.073679933,42,18,'ФОНТАН'),(87,95,'1973-08-30',121,16.5,74,7,'ФОНТАН'),(88,38,'1978-09-08',129,35.9,91,15,'ФОНТАН'),(89,47,'2012-08-09',157,8.460119836,24,11,'ФОНТАН'),(90,37,'1975-10-29',144,23.269167,89,22,'ЭЦН'),(91,49,'1985-01-29',185,67.290780259,11,14,'ФОНТАН'),(92,23,'2009-07-23',198,82.25815,56,16,'ЭЦН'),(93,72,'2002-01-02',158,54.3171,22,9,'ФОНТАН'),(94,13,'1997-03-25',111,65.2412796,65,4,'ЭЦН'),(95,38,'2022-01-03',139,40,56,8,'ЭЦН'),(96,52,'1983-05-19',180,39.1736,12,1,'ФОНТАН'),(97,37,'2008-04-30',151,55.52,7,16,'ФОНТАН'),(98,32,'2013-12-21',118,51,34,10,'ЭЦН'),(99,34,'2012-04-23',177,81.9123,32,15,'ФОНТАН'),(100,65,'1970-07-13',200,49.5227,61,23,'ЭЦН'),(101,88,'2013-12-01',160,15.30089,63,5,'ЭЦН'),(102,81,'2010-02-13',139,35.934229,4,11,'ЭЦН'),(103,86,'2003-09-11',177,72.03261,60,9,'ФОНТАН'),(104,17,'1984-11-21',197,4.986,68,17,'ФОНТАН'),(105,6,'1970-05-05',119,24.99110169,21,5,'ФОНТАН'),(106,10,'2007-08-08',143,77.6134807,86,15,'ФОНТАН'),(107,84,'2000-07-18',121,22.926,44,9,'ЭЦН'),(108,89,'1986-11-22',120,77.26,50,18,'ФОНТАН'),(109,2,'2020-11-26',191,49.0930747,5,20,'ФОНТАН'),(110,78,'1989-10-13',106,42.89671,82,21,'ФОНТАН'),(111,23,'1978-12-02',122,91.63610586,59,17,'ЭЦН'),(112,22,'1993-05-25',126,48.9,77,14,'ФОНТАН'),(113,66,'1985-05-29',126,63.603292,52,0,'ЭЦН'),(114,1,'2015-05-12',154,63.5897113,8,16,'ЭЦН'),(115,69,'1988-03-16',139,97.6,21,13,'ЭЦН'),(116,99,'1978-06-21',103,37.2707749,92,7,'ЭЦН'),(117,74,'1972-08-10',143,59.76689,29,5,'ЭЦН'),(118,63,'2011-01-09',125,15.9474,24,14,'ЭЦН'),(119,37,'1979-07-27',196,71.71303917,44,14,'ФОНТАН'),(120,21,'1991-09-24',170,32.805159,65,23,'ЭЦН'),(121,99,'2009-01-23',111,49.4510306,37,14,'ЭЦН'),(122,85,'1998-04-06',123,56,64,10,'ФОНТАН'),(123,43,'2013-10-27',132,35.1366,88,3,'ФОНТАН'),(124,71,'1980-05-07',106,17.64869,4,19,'ФОНТАН'),(125,98,'2014-08-04',127,43.890523,80,14,'ФОНТАН'),(126,81,'2015-07-08',179,33.73046538,72,7,'ФОНТАН'),(127,23,'1989-07-31',101,30.115,41,7,'ЭЦН'),(128,34,'2008-11-21',139,70.938457721,75,9,'ФОНТАН'),(129,12,'1992-01-22',121,80.96,16,5,'ЭЦН'),(130,56,'1994-04-06',161,97.8329,93,20,'ФОНТАН'),(131,99,'2003-11-18',116,91.68847561,18,2,'ЭЦН'),(132,100,'1981-04-19',174,34.6,95,17,'ФОНТАН'),(133,37,'2009-04-16',135,44.129050218,87,12,'ФОНТАН'),(134,85,'1979-11-09',158,66.28945,95,6,'ФОНТАН'),(135,16,'2007-06-19',111,76.3,11,10,'ФОНТАН'),(136,42,'2014-06-19',143,58.851778,92,11,'ЭЦН'),(137,94,'1981-07-13',137,12.7312144,37,22,'ЭЦН'),(138,100,'1982-11-07',187,23.9,25,13,'ЭЦН'),(139,31,'1990-02-03',162,58.976,93,7,'ЭЦН'),(140,96,'2013-06-08',124,21.11901,95,13,'ФОНТАН'),(141,77,'1994-12-26',160,91,69,16,'ЭЦН'),(142,53,'2001-04-07',100,64.37522,58,24,'ФОНТАН'),(143,17,'2013-05-04',159,3.1808631,10,16,'ЭЦН'),(144,43,'1983-12-21',115,28.4772,100,16,'ЭЦН'),(145,54,'1970-03-13',109,48,47,22,'ЭЦН'),(146,85,'1970-01-29',157,5.966979315,1,12,'ФОНТАН'),(147,41,'1991-03-01',113,49.031239398,13,14,'ЭЦН'),(148,28,'2016-03-06',103,19.296231,11,9,'ЭЦН'),(149,48,'1986-05-04',197,57.45089,99,4,'ФОНТАН'),(150,77,'1989-01-02',113,72.7348,84,22,'ЭЦН'),(151,48,'2018-06-16',116,68.947,31,16,'ЭЦН'),(152,47,'2003-12-01',115,50.143735739,89,11,'ЭЦН'),(153,62,'2005-07-25',119,37.7,91,12,'ЭЦН'),(154,90,'2014-10-12',117,54.9031521,26,16,'ФОНТАН'),(155,17,'1988-06-23',111,59.345879,54,13,'ФОНТАН'),(156,59,'2003-12-16',167,93.57637814,85,17,'ФОНТАН'),(157,70,'2021-07-16',133,6.37,13,21,'ЭЦН'),(158,40,'2001-07-16',192,71.471359055,41,22,'ЭЦН'),(159,92,'1983-11-27',120,5.21,18,9,'ЭЦН'),(160,82,'2009-12-13',173,20,23,15,'ФОНТАН'),(161,95,'1981-05-17',161,31.2120462,58,23,'ФОНТАН'),(162,91,'2013-09-08',122,89.5,95,17,'ЭЦН'),(163,82,'2012-03-04',154,72.1047,45,18,'ФОНТАН'),(164,32,'2020-10-08',132,75.326098,46,13,'ФОНТАН'),(165,75,'1970-02-25',159,23.3255,62,7,'ФОНТАН'),(166,97,'1989-03-09',126,13.5354,76,2,'ЭЦН'),(167,73,'1973-03-25',126,93.5236405,77,23,'ЭЦН'),(168,69,'2022-08-24',144,31.17,36,9,'ЭЦН'),(169,97,'2007-09-12',128,49.382475321,63,14,'ФОНТАН'),(170,4,'1978-12-14',199,9.5472161,64,12,'ФОНТАН'),(171,64,'1995-05-11',154,30.8471589,24,9,'ФОНТАН'),(172,73,'1980-07-14',112,91.379599688,38,21,'ФОНТАН'),(173,56,'1989-04-01',193,74.34,50,11,'ФОНТАН'),(174,81,'2000-01-28',195,99.371,3,5,'ЭЦН'),(175,16,'1994-07-04',199,96.1,94,4,'ЭЦН'),(176,10,'1971-07-03',106,76.6969,23,12,'ФОНТАН'),(177,66,'1983-11-11',134,88.0859,56,20,'ФОНТАН'),(178,56,'2016-03-24',103,64.828316,60,15,'ФОНТАН'),(179,37,'2022-04-17',118,17.654,6,2,'ЭЦН'),(180,14,'1971-09-13',145,53,37,21,'ЭЦН'),(181,33,'1971-04-09',169,95.571495032,65,11,'ЭЦН'),(182,84,'1982-04-01',115,50.69,70,3,'ЭЦН'),(183,60,'1982-10-07',141,0.0451547,58,3,'ЭЦН'),(184,94,'1998-04-07',110,70.456594,10,19,'ФОНТАН'),(185,73,'1973-07-08',115,74.593185,8,14,'ЭЦН'),(186,76,'2001-11-01',151,64.57378569,3,20,'ФОНТАН'),(187,52,'2016-02-25',185,82.01085,21,3,'ФОНТАН'),(188,43,'2016-11-12',170,62.2,40,3,'ФОНТАН'),(189,15,'2021-02-21',182,3.62897,37,18,'ЭЦН'),(190,44,'1970-03-08',165,95.387581,41,17,'ЭЦН'),(191,24,'1992-01-25',174,41.64764916,36,0,'ЭЦН'),(192,10,'2011-01-09',130,78.6900174,25,18,'ЭЦН'),(193,34,'2003-05-19',173,41.6,30,6,'ЭЦН'),(194,5,'2009-07-16',163,87.93643,13,3,'ФОНТАН'),(195,41,'2006-02-23',146,64.98078521,23,7,'ЭЦН'),(196,9,'1972-05-23',143,78.159603,22,3,'ЭЦН'),(197,2,'1970-10-03',199,2.06116,10,7,'ЭЦН'),(198,14,'1970-03-08',192,86.6993,30,24,'ФОНТАН'),(199,77,'1973-12-10',165,40.4242125,16,10,'ЭЦН'),(200,98,'2016-08-22',121,60.542,59,3,'ЭЦН'),(201,17,'1988-03-02',191,90.7,98,8,'ЭЦН'),(202,41,'1994-03-06',196,96.7,6,16,'ЭЦН'),(203,71,'1990-07-03',149,7.657,4,12,'ФОНТАН'),(204,73,'1974-08-17',129,16.2311,16,24,'ФОНТАН'),(205,22,'1976-03-15',136,37.883,76,20,'ФОНТАН'),(206,86,'1995-04-07',173,67.17,14,17,'ЭЦН'),(207,82,'1973-11-03',124,26.51742949,100,3,'ЭЦН'),(208,87,'2016-10-04',143,89.69799,50,6,'ФОНТАН'),(209,42,'2012-01-21',174,46.4424,85,21,'ФОНТАН'),(210,18,'2005-03-06',158,11.5,66,1,'ФОНТАН'),(211,100,'1986-01-21',145,74.697774916,52,7,'ЭЦН'),(212,74,'2009-10-23',154,85.3,36,19,'ЭЦН'),(213,1,'1999-11-25',176,22,66,0,'ФОНТАН'),(214,60,'1999-06-28',157,24.39451,23,10,'ФОНТАН'),(215,67,'1989-08-20',104,21.5,12,18,'ФОНТАН'),(216,74,'2015-02-14',193,78.749841,84,11,'ЭЦН'),(217,35,'1979-08-01',130,79.421,18,20,'ФОНТАН'),(218,19,'1990-08-24',115,33.7,1,9,'ФОНТАН'),(219,16,'1976-04-22',108,49.02,59,20,'ЭЦН'),(220,50,'2002-11-30',164,57,50,18,'ЭЦН'),(221,62,'2010-09-02',136,2.1,27,7,'ЭЦН'),(222,40,'2000-05-19',123,87.9509,89,7,'ЭЦН'),(223,59,'1972-12-31',103,33.89982,13,12,'ЭЦН'),(224,96,'2016-01-24',148,31,87,14,'ФОНТАН'),(225,45,'2020-10-20',138,49.67,52,7,'ФОНТАН'),(226,100,'1987-06-10',146,44.8065,87,8,'ЭЦН'),(227,4,'2017-09-27',152,4.23296,53,16,'ЭЦН'),(228,47,'1995-10-07',168,79.667142,81,24,'ЭЦН'),(229,13,'1978-04-02',177,49.480801471,95,17,'ФОНТАН'),(230,81,'2001-10-11',182,99.9716493,83,6,'ЭЦН'),(231,45,'2006-05-02',157,87.076861079,10,4,'ФОНТАН'),(232,29,'1970-03-29',171,90,12,17,'ФОНТАН'),(233,21,'1996-11-30',159,92.29,49,8,'ЭЦН'),(234,15,'1982-06-27',161,20.35132573,72,13,'ФОНТАН'),(235,1,'1986-10-20',111,98.32,38,3,'ФОНТАН'),(236,42,'1981-05-22',107,60,67,9,'ЭЦН'),(237,1,'1972-01-29',122,71.24,21,1,'ФОНТАН'),(238,82,'1975-12-26',182,18.74657107,34,17,'ФОНТАН'),(239,29,'1996-07-18',156,39.31,90,21,'ФОНТАН'),(240,42,'2021-03-07',103,16.092,37,1,'ЭЦН'),(241,100,'1985-01-19',156,51.758,75,17,'ЭЦН'),(242,29,'2006-01-03',150,3.49,71,9,'ФОНТАН'),(243,15,'1998-12-20',139,89.6201,96,17,'ФОНТАН'),(244,100,'1992-01-11',170,30.721,22,6,'ЭЦН'),(245,88,'1972-05-07',158,22.0192,22,14,'ЭЦН'),(246,82,'2016-09-07',181,38.89,8,14,'ЭЦН'),(247,74,'1997-01-29',180,35.07709202,61,20,'ФОНТАН'),(248,23,'1981-08-30',119,6.99479296,73,21,'ФОНТАН'),(249,100,'1978-11-16',102,81.834752989,85,1,'ЭЦН'),(250,90,'1997-02-23',132,87.335353,84,9,'ФОНТАН'),(251,72,'1975-07-05',106,64.2876,91,14,'ФОНТАН'),(252,62,'1985-12-28',152,11.70836,40,10,'ФОНТАН'),(253,29,'2018-06-30',101,12.296504,24,0,'ФОНТАН'),(254,31,'1996-05-09',129,16.56539739,15,5,'ЭЦН'),(255,58,'2006-08-17',109,98.526,47,11,'ФОНТАН'),(256,74,'2001-06-13',180,47.92,55,21,'ФОНТАН'),(257,30,'1997-06-15',108,62.71,86,19,'ЭЦН'),(258,61,'1982-12-01',143,62.5162104,22,10,'ФОНТАН'),(259,20,'1975-10-29',126,55.94922,15,5,'ЭЦН'),(260,43,'2022-01-19',159,85.86388714,23,8,'ЭЦН'),(261,42,'1985-06-27',159,19.5,79,4,'ФОНТАН'),(262,64,'1974-08-26',154,63.225410023,95,19,'ФОНТАН'),(263,72,'2004-07-28',135,49.097,37,3,'ЭЦН'),(264,62,'1980-07-02',100,32.49293008,61,13,'ФОНТАН'),(265,79,'1972-11-01',175,63.700338157,10,4,'ФОНТАН'),(266,72,'1982-06-26',155,22.60965,55,14,'ФОНТАН'),(267,4,'1992-12-02',161,37,44,20,'ЭЦН'),(268,80,'1981-04-26',151,22.254398,29,20,'ЭЦН'),(269,54,'1987-06-23',159,78.043567752,34,4,'ФОНТАН'),(270,32,'2013-03-10',109,15.0199,45,23,'ФОНТАН'),(271,21,'1972-01-18',164,13.7,39,7,'ФОНТАН'),(272,53,'2020-10-11',129,18.341,8,0,'ФОНТАН'),(273,61,'2005-10-20',112,70.341988,81,4,'ФОНТАН'),(274,36,'2003-05-14',147,16.05,75,14,'ФОНТАН'),(275,53,'1983-07-11',114,18.1568,90,23,'ЭЦН'),(276,48,'2019-06-18',161,83.712560536,68,2,'ЭЦН'),(277,17,'2017-02-23',110,98,15,15,'ФОНТАН'),(278,26,'2010-11-04',173,11,81,20,'ФОНТАН'),(279,70,'1989-08-05',148,55.3,32,10,'ЭЦН'),(280,17,'2003-09-23',166,23.2168,53,2,'ФОНТАН'),(281,16,'1990-04-14',101,72.933606,52,20,'ЭЦН'),(282,42,'1981-10-18',195,73.4856,47,22,'ФОНТАН'),(283,78,'2021-09-08',117,11.7471,86,7,'ЭЦН'),(284,44,'2005-10-24',193,85.1,7,15,'ЭЦН'),(285,73,'2019-08-23',112,50.92079,9,22,'ФОНТАН'),(286,35,'2013-09-09',186,37.144443084,73,7,'ФОНТАН'),(287,18,'1995-04-22',178,55.009,35,15,'ЭЦН'),(288,3,'2011-09-06',137,47.3,11,24,'ФОНТАН'),(289,96,'1999-04-02',199,72.69657504,39,16,'ФОНТАН'),(290,38,'1977-07-21',164,38.37,99,11,'ЭЦН'),(291,45,'1974-01-15',101,88.8818,49,9,'ЭЦН'),(292,37,'2016-04-28',161,12.601896,43,24,'ФОНТАН'),(293,2,'2021-07-06',120,47.101,9,23,'ЭЦН'),(294,16,'1983-01-14',133,19.16635401,50,17,'ЭЦН'),(295,99,'1973-08-10',144,80.96129,96,15,'ЭЦН'),(296,81,'2001-02-12',108,7.7,82,3,'ЭЦН'),(297,88,'2006-10-26',178,30.691867988,35,10,'ФОНТАН'),(298,2,'1970-06-20',148,48.1460502,42,19,'ЭЦН'),(299,60,'1970-01-03',146,35.8,86,18,'ФОНТАН'),(300,42,'2003-02-04',181,95.828,98,21,'ЭЦН'),(301,34,'2002-11-08',113,95.77,92,16,'ЭЦН'),(302,81,'1996-02-02',160,33.025904,23,16,'ФОНТАН'),(303,95,'1996-10-29',156,20.9,11,9,'ФОНТАН'),(304,94,'1978-07-07',157,50.047745,44,1,'ФОНТАН'),(305,16,'1994-06-07',145,25.547864,62,12,'ФОНТАН'),(306,48,'1987-02-19',161,42.691608,31,6,'ФОНТАН'),(307,42,'1982-08-03',153,56.711,51,9,'ФОНТАН'),(308,33,'1971-05-15',129,7.967504,58,17,'ЭЦН'),(309,73,'2010-09-02',167,40.453447,40,17,'ЭЦН'),(310,11,'1994-03-27',140,3.52246668,88,4,'ФОНТАН'),(311,50,'2007-04-08',170,88.35467,77,9,'ЭЦН'),(312,89,'1979-07-19',151,63.28,29,9,'ЭЦН'),(313,53,'1973-03-25',143,98.0058501,89,21,'ФОНТАН'),(314,27,'2009-01-09',167,85.6416766,28,9,'ЭЦН'),(315,33,'1990-03-26',144,10.1988742,87,1,'ЭЦН'),(316,25,'2011-05-14',131,13.1636567,29,10,'ФОНТАН'),(317,62,'1990-10-07',189,98.5356496,38,16,'ФОНТАН'),(318,50,'1996-08-06',153,8.9566806,24,14,'ЭЦН'),(319,27,'2011-03-06',153,13.6172,16,4,'ЭЦН'),(320,57,'2004-04-20',153,96.9365892,36,23,'ЭЦН'),(321,87,'1986-08-15',139,97.2992557,57,8,'ЭЦН'),(322,72,'2015-12-01',189,55.518764,74,14,'ФОНТАН'),(323,94,'1986-03-23',153,1,74,17,'ЭЦН'),(324,89,'1972-02-22',115,13.042,48,24,'ФОНТАН'),(325,87,'1986-08-01',112,12.796,17,9,'ЭЦН'),(326,93,'2020-07-23',133,10.0076015,87,11,'ЭЦН'),(327,69,'1976-03-26',169,92.306,35,9,'ФОНТАН'),(328,75,'1994-06-10',151,95.498262,5,23,'ЭЦН'),(329,94,'1990-01-05',172,51.40991,17,7,'ФОНТАН'),(330,28,'1982-10-24',138,29.908,94,4,'ФОНТАН'),(331,16,'1987-06-14',104,44,78,15,'ЭЦН'),(332,28,'2010-09-18',125,15.1364584,72,13,'ЭЦН'),(333,8,'1996-03-09',194,23.75,17,17,'ЭЦН'),(334,11,'2019-09-27',127,81.2800287,93,15,'ЭЦН'),(335,21,'1997-08-29',200,49.35,36,7,'ФОНТАН'),(336,24,'1994-02-23',115,63,49,7,'ФОНТАН'),(337,58,'1985-07-10',104,24.24227,70,24,'ЭЦН'),(338,62,'1987-04-19',162,72.3,94,0,'ФОНТАН'),(339,57,'1975-07-21',117,0.028433,19,0,'ФОНТАН'),(340,31,'2010-10-18',194,26.527115,85,21,'ЭЦН'),(341,73,'1996-06-30',154,7.7560532,57,16,'ЭЦН'),(342,6,'1990-01-07',147,58.338118,4,16,'ЭЦН'),(343,19,'1970-05-24',169,29.3844,59,17,'ЭЦН'),(344,26,'1971-11-28',139,81.49945,86,20,'ЭЦН'),(345,33,'1990-11-03',127,30.3071116,47,5,'ФОНТАН'),(346,51,'1998-04-03',110,0.9,69,10,'ЭЦН'),(347,51,'1995-10-24',154,25.0268154,18,19,'ФОНТАН'),(348,94,'2011-02-03',119,53.55146367,95,13,'ЭЦН'),(349,100,'2012-09-22',122,67.43374037,43,18,'ЭЦН'),(350,77,'1981-12-01',154,46.018401,28,8,'ФОНТАН'),(351,51,'1972-08-20',128,10.032,47,13,'ФОНТАН'),(352,87,'1983-06-18',127,52.5035,43,3,'ФОНТАН'),(353,49,'1995-02-06',173,11.675849,50,24,'ЭЦН'),(354,44,'2010-08-11',149,91.770229,26,1,'ЭЦН'),(355,76,'2004-02-04',161,46.449,41,5,'ЭЦН'),(356,36,'1973-10-20',157,75.135187,30,14,'ЭЦН'),(357,36,'2008-11-09',194,15.209184,79,6,'ФОНТАН'),(358,44,'2014-02-10',172,95.09666,31,12,'ЭЦН'),(359,10,'1989-06-24',133,67.5461,94,7,'ЭЦН'),(360,30,'1997-02-05',181,40.101,85,23,'ЭЦН'),(361,71,'2003-09-03',162,51.42878655,69,13,'ФОНТАН'),(362,26,'2011-04-06',132,64.014,71,21,'ФОНТАН'),(363,57,'2021-02-02',124,96.077938,2,23,'ФОНТАН'),(364,79,'1985-12-13',138,70.3,81,22,'ФОНТАН'),(365,36,'1985-02-20',185,45.52125,6,16,'ФОНТАН'),(366,78,'1994-08-26',105,27.3460886,79,20,'ФОНТАН'),(367,3,'1976-12-11',102,44.61104378,73,19,'ЭЦН'),(368,93,'1991-01-20',192,77.807912,58,11,'ЭЦН'),(369,40,'2018-08-04',135,24.7,11,23,'ФОНТАН'),(370,59,'1972-11-04',131,17.673406339,79,8,'ЭЦН'),(371,24,'1990-05-05',129,42.304601261,17,21,'ЭЦН'),(372,13,'2008-07-24',121,32.64098,41,14,'ЭЦН'),(373,64,'1990-09-02',148,44.593606,55,8,'ЭЦН'),(374,42,'2003-01-20',140,78.72772,19,14,'ФОНТАН'),(375,39,'1988-08-04',129,3.2,41,5,'ФОНТАН'),(376,96,'1986-07-07',177,19.937779857,40,17,'ФОНТАН'),(377,92,'2001-12-29',178,82,19,1,'ФОНТАН'),(378,89,'1998-05-11',121,95.2398333,63,13,'ЭЦН'),(379,90,'2014-07-02',125,37.647,42,19,'ФОНТАН'),(380,92,'2021-05-20',126,4.55,72,24,'ФОНТАН'),(381,66,'2005-04-24',128,66,43,4,'ЭЦН'),(382,40,'2018-02-12',165,89.642,52,6,'ЭЦН'),(383,79,'2005-04-01',179,13.5606038,25,5,'ЭЦН'),(384,14,'1973-10-28',184,92.424918335,86,6,'ФОНТАН'),(385,84,'2022-09-22',175,52.5,77,7,'ФОНТАН'),(386,54,'1984-09-23',146,53.1749835,2,18,'ЭЦН'),(387,49,'2002-06-21',123,52,80,12,'ФОНТАН'),(388,20,'1985-11-16',149,78.2187895,63,12,'ФОНТАН'),(389,97,'2013-04-05',175,3.968735693,52,19,'ЭЦН'),(390,58,'1989-04-17',176,65.809,89,23,'ФОНТАН'),(391,50,'1999-01-14',189,48.5,59,3,'ФОНТАН'),(392,68,'1979-09-06',174,23.1,1,6,'ЭЦН'),(393,84,'1986-10-22',134,63.5,42,0,'ЭЦН'),(394,7,'1993-01-16',159,19.904,28,12,'ЭЦН'),(395,47,'1971-04-10',168,81.1,3,3,'ЭЦН'),(396,19,'1974-12-12',124,80.19,38,13,'ЭЦН'),(397,84,'1991-01-31',159,71.19502014,69,12,'ЭЦН'),(398,49,'2009-05-20',174,38.21178,47,0,'ФОНТАН'),(399,12,'1970-07-19',140,11.2808,66,14,'ЭЦН'),(400,24,'1983-06-27',113,31,29,5,'ФОНТАН'),(401,7,'1979-03-20',113,6.8752402,23,20,'ЭЦН'),(402,35,'1996-09-25',106,98.425314714,28,23,'ФОНТАН'),(403,37,'1991-06-23',159,12,68,6,'ЭЦН'),(404,71,'1981-12-12',195,66.0709741,36,4,'ФОНТАН'),(405,77,'2017-12-23',178,45.68349395,67,19,'ФОНТАН'),(406,75,'1987-05-05',160,75.86120967,62,7,'ЭЦН'),(407,67,'2012-11-18',154,50.15776,48,2,'ФОНТАН'),(408,68,'2018-01-21',189,55.1746,69,15,'ЭЦН'),(409,63,'1991-02-09',105,84.92220383,13,3,'ЭЦН'),(410,56,'2010-06-08',125,48.87647985,31,10,'ФОНТАН'),(411,59,'1994-12-07',120,50.503,43,5,'ФОНТАН'),(412,29,'1992-10-30',150,31,3,6,'ЭЦН'),(413,96,'2009-02-08',177,24.02062161,95,17,'ФОНТАН'),(414,37,'1976-09-28',120,30.3534337,67,8,'ЭЦН'),(415,42,'2021-01-29',140,8.455069181,66,13,'ЭЦН'),(416,79,'2003-09-13',187,84.383427,10,10,'ФОНТАН'),(417,91,'1979-12-31',123,83.8925,50,14,'ЭЦН'),(418,91,'1985-03-03',127,31.431707149,11,12,'ЭЦН'),(419,99,'2009-12-13',117,88.3,56,2,'ФОНТАН'),(420,87,'2011-09-21',185,3.28257,2,10,'ЭЦН'),(421,49,'2017-06-21',148,21.0427551,37,4,'ЭЦН'),(422,48,'1973-08-28',118,22,39,12,'ФОНТАН'),(423,55,'2005-09-08',176,92.639591309,28,5,'ЭЦН'),(424,32,'1990-04-16',148,82.051,31,14,'ФОНТАН'),(425,54,'1989-02-04',159,2.63622,68,12,'ФОНТАН'),(426,1,'2015-10-03',107,14.31889,80,15,'ЭЦН'),(427,51,'2003-07-23',177,67.2199,22,24,'ФОНТАН'),(428,38,'2015-03-22',152,92.622853,19,9,'ЭЦН'),(429,49,'2008-04-09',199,68,21,2,'ФОНТАН'),(430,63,'1996-09-04',193,95.5978137,60,16,'ФОНТАН'),(431,61,'2018-09-19',159,48,66,23,'ЭЦН'),(432,56,'1980-07-20',199,39.0713127,7,5,'ЭЦН'),(433,97,'1979-07-09',163,17.808713,88,20,'ФОНТАН'),(434,98,'2001-12-20',192,24.3,48,0,'ЭЦН'),(435,26,'1977-09-11',192,63.209309039,61,23,'ЭЦН'),(436,73,'1998-03-02',115,84.3,24,14,'ЭЦН'),(437,72,'1999-06-06',106,55.261675108,57,8,'ФОНТАН'),(438,93,'1970-02-01',189,41.47,3,21,'ЭЦН'),(439,41,'2015-09-04',104,84.96476546,57,12,'ЭЦН'),(440,35,'1985-07-27',156,63.91931,5,17,'ФОНТАН'),(441,48,'2001-05-09',127,78.303421,47,9,'ФОНТАН'),(442,100,'1999-11-09',180,16,29,12,'ЭЦН'),(443,63,'2014-09-29',197,2.3,28,3,'ФОНТАН'),(444,44,'2017-06-13',177,37.3674,62,14,'ЭЦН'),(445,37,'1982-01-30',152,32.060635757,72,22,'ЭЦН'),(446,5,'2013-09-02',157,15.30013,43,20,'ФОНТАН'),(447,22,'2017-05-25',172,83.9865,20,8,'ЭЦН'),(448,27,'1980-07-16',182,81.401135065,52,12,'ФОНТАН'),(449,95,'2012-12-04',123,6.20219917,53,5,'ФОНТАН'),(450,20,'1990-12-02',130,69.092242918,54,6,'ЭЦН'),(451,13,'1991-01-27',135,93.6436,29,7,'ФОНТАН'),(452,43,'1984-03-13',121,93.9,0,0,'ЭЦН'),(453,68,'1991-12-30',121,96,24,2,'ФОНТАН'),(454,67,'1975-05-08',190,25.59622,48,8,'ЭЦН'),(455,75,'2010-12-08',138,32.281590315,45,22,'ЭЦН'),(456,21,'2021-11-25',109,39.5025,10,22,'ФОНТАН'),(457,67,'1977-12-07',166,91.83246237,49,13,'ФОНТАН'),(458,25,'2009-12-18',143,92.52,46,11,'ФОНТАН'),(459,58,'1992-07-22',100,45,68,22,'ФОНТАН'),(460,16,'2018-11-20',135,58.2,47,14,'ЭЦН'),(461,87,'2003-12-02',125,61.82504634,39,12,'ФОНТАН'),(462,19,'1971-11-26',164,95,45,18,'ЭЦН'),(463,71,'2013-06-19',114,94.157,5,7,'ФОНТАН'),(464,84,'1972-08-28',117,64.217,29,18,'ФОНТАН'),(465,16,'1985-07-03',165,9.4,84,22,'ЭЦН'),(466,97,'1981-01-12',150,67.169245,17,11,'ЭЦН'),(467,57,'1990-03-08',170,31.005267161,53,18,'ФОНТАН'),(468,88,'2010-11-20',188,0.960328617,38,4,'ФОНТАН'),(469,89,'2018-07-26',119,77.689853,95,9,'ЭЦН'),(470,97,'1983-12-15',141,41.115051108,65,19,'ФОНТАН'),(471,22,'1990-11-30',167,66.19,31,20,'ФОНТАН'),(472,37,'1975-01-11',182,64.961198,61,12,'ФОНТАН'),(473,97,'1982-10-21',147,7.676546,68,16,'ЭЦН'),(474,85,'1996-04-07',109,60.52,35,2,'ЭЦН'),(475,80,'1988-05-10',200,24.411763402,42,7,'ФОНТАН'),(476,33,'2003-01-25',196,55,52,1,'ЭЦН'),(477,89,'1976-07-01',148,39.57698636,79,1,'ЭЦН'),(478,2,'2018-10-11',128,15.010281845,73,14,'ЭЦН'),(479,59,'2022-05-13',170,43.5,52,5,'ЭЦН'),(480,84,'1993-10-14',153,11,82,20,'ЭЦН'),(481,22,'2021-08-25',145,68.68304,86,6,'ЭЦН'),(482,72,'1979-02-24',119,48.80212,36,4,'ФОНТАН'),(483,26,'2002-03-22',177,33.4069,84,23,'ФОНТАН'),(484,89,'1987-03-04',165,35.46105,5,4,'ЭЦН'),(485,38,'1989-06-19',123,16.091863,27,9,'ЭЦН'),(486,1,'2001-05-17',155,92.178841211,43,22,'ФОНТАН'),(487,9,'1986-06-09',123,21.677896,48,19,'ФОНТАН'),(488,5,'2001-05-19',147,75.6538398,16,19,'ФОНТАН'),(489,25,'2017-02-22',127,81.7334,42,23,'ЭЦН'),(490,67,'2012-08-18',120,74.8,13,9,'ЭЦН'),(491,21,'1983-01-18',150,77.9143559,12,17,'ЭЦН'),(492,12,'1986-02-03',171,62.50970609,13,16,'ФОНТАН'),(493,85,'1980-08-31',169,66.45476,85,8,'ФОНТАН'),(494,91,'2014-05-12',153,8.9544673,56,8,'ЭЦН'),(495,96,'2013-06-25',139,0,81,6,'ЭЦН'),(496,1,'2010-06-11',161,30.6486175,7,3,'ЭЦН'),(497,88,'2022-08-06',124,21.47786,26,14,'ЭЦН'),(498,52,'2011-02-24',135,38.26049,52,21,'ЭЦН'),(499,88,'2016-05-05',196,33.80669222,63,3,'ЭЦН'),(500,77,'1977-01-13',172,14.488930308,68,23,'ФОНТАН');
/*!40000 ALTER TABLE `tr` ENABLE KEYS */;
UNLOCK TABLES;

--
-- Table structure for table `well`
--

DROP TABLE IF EXISTS `well`;
/*!40101 SET @saved_cs_client     = @@character_set_client */;
/*!40101 SET character_set_client = utf8 */;
CREATE TABLE `well` (
  `id` bigint(20) unsigned NOT NULL AUTO_INCREMENT,
  `namber_well` int(10) unsigned NOT NULL COMMENT 'номер скважины',
  `namber_kust` int(10) unsigned NOT NULL COMMENT 'кустовая площадка',
  `dobycha_ppd` enum('добыча','нагнетание') COLLATE utf8mb4_unicode_ci DEFAULT NULL COMMENT 'характер скв',
  `type_well` enum('горизонтальная скв','наклонная скв') COLLATE utf8mb4_unicode_ci DEFAULT NULL COMMENT 'тип скв',
  PRIMARY KEY (`id`),
  UNIQUE KEY `namber_well` (`namber_well`)
) ENGINE=InnoDB AUTO_INCREMENT=101 DEFAULT CHARSET=utf8mb4 COLLATE=utf8mb4_unicode_ci;
/*!40101 SET character_set_client = @saved_cs_client */;

--
-- Dumping data for table `well`
--

LOCK TABLES `well` WRITE;
/*!40000 ALTER TABLE `well` DISABLE KEYS */;
INSERT INTO `well` VALUES (1,4926,1,'добыча','горизонтальная скв'),(2,3777,9,'нагнетание','наклонная скв'),(3,3087,3,'добыча','горизонтальная скв'),(4,4545,6,'добыча','горизонтальная скв'),(5,2381,4,'нагнетание','горизонтальная скв'),(6,7835,2,'нагнетание','наклонная скв'),(7,6827,4,'нагнетание','наклонная скв'),(8,4046,2,'добыча','наклонная скв'),(9,2888,5,'нагнетание','горизонтальная скв'),(10,1717,9,'нагнетание','наклонная скв'),(11,5010,4,'добыча','горизонтальная скв'),(12,5949,1,'добыча','наклонная скв'),(13,8116,5,'добыча','наклонная скв'),(14,4790,3,'нагнетание','наклонная скв'),(15,5006,7,'добыча','наклонная скв'),(16,9047,7,'нагнетание','наклонная скв'),(17,9123,6,'нагнетание','наклонная скв'),(18,4226,2,'добыча','наклонная скв'),(19,3204,3,'нагнетание','наклонная скв'),(20,7121,9,'добыча','горизонтальная скв'),(21,1300,2,'нагнетание','наклонная скв'),(22,4986,1,'добыча','наклонная скв'),(23,5591,2,'нагнетание','наклонная скв'),(24,4884,5,'добыча','наклонная скв'),(25,5281,2,'добыча','горизонтальная скв'),(26,2893,2,'нагнетание','наклонная скв'),(27,5462,4,'добыча','горизонтальная скв'),(28,3964,7,'добыча','наклонная скв'),(29,7058,7,'нагнетание','горизонтальная скв'),(30,2446,2,'нагнетание','горизонтальная скв'),(31,8364,5,'добыча','наклонная скв'),(32,9261,7,'нагнетание','наклонная скв'),(33,1422,7,'нагнетание','наклонная скв'),(34,5266,3,'добыча','наклонная скв'),(35,9756,9,'добыча','горизонтальная скв'),(36,2113,2,'добыча','наклонная скв'),(37,7381,9,'добыча','наклонная скв'),(38,1214,9,'добыча','горизонтальная скв'),(39,7739,5,'добыча','горизонтальная скв'),(40,8931,5,'нагнетание','горизонтальная скв'),(41,1136,8,'добыча','горизонтальная скв'),(42,4316,2,'нагнетание','наклонная скв'),(43,1647,8,'нагнетание','горизонтальная скв'),(44,9603,3,'добыча','наклонная скв'),(45,2686,6,'добыча','горизонтальная скв'),(46,9524,8,'добыча','горизонтальная скв'),(47,2407,2,'нагнетание','горизонтальная скв'),(48,8987,4,'добыча','горизонтальная скв'),(49,3753,7,'нагнетание','наклонная скв'),(50,8930,4,'нагнетание','наклонная скв'),(51,4150,2,'нагнетание','наклонная скв'),(52,2072,9,'нагнетание','горизонтальная скв'),(53,9915,2,'нагнетание','наклонная скв'),(54,5872,2,'нагнетание','горизонтальная скв'),(55,1222,3,'добыча','горизонтальная скв'),(56,5631,9,'добыча','наклонная скв'),(57,1570,6,'нагнетание','горизонтальная скв'),(58,2312,8,'добыча','горизонтальная скв'),(59,3514,9,'нагнетание','наклонная скв'),(60,6692,4,'добыча','горизонтальная скв'),(61,4550,6,'добыча','наклонная скв'),(62,8874,1,'добыча','горизонтальная скв'),(63,8087,1,'добыча','наклонная скв'),(64,1584,3,'добыча','наклонная скв'),(65,5012,6,'добыча','горизонтальная скв'),(66,1001,8,'добыча','горизонтальная скв'),(67,1013,5,'добыча','наклонная скв'),(68,5628,8,'добыча','горизонтальная скв'),(69,7368,2,'добыча','наклонная скв'),(70,7185,2,'нагнетание','наклонная скв'),(71,4000,4,'добыча','горизонтальная скв'),(72,2493,8,'добыча','наклонная скв'),(73,9393,6,'нагнетание','наклонная скв'),(74,5858,3,'добыча','горизонтальная скв'),(75,1459,6,'добыча','наклонная скв'),(76,7891,1,'добыча','горизонтальная скв'),(77,4008,9,'нагнетание','горизонтальная скв'),(78,1474,2,'добыча','горизонтальная скв'),(79,8479,5,'нагнетание','горизонтальная скв'),(80,8431,9,'добыча','горизонтальная скв'),(81,9202,2,'нагнетание','горизонтальная скв'),(82,3798,4,'добыча','горизонтальная скв'),(83,3757,3,'добыча','горизонтальная скв'),(84,3620,4,'нагнетание','горизонтальная скв'),(85,4571,2,'добыча','горизонтальная скв'),(86,7408,8,'добыча','горизонтальная скв'),(87,8340,9,'добыча','наклонная скв'),(88,2363,4,'добыча','наклонная скв'),(89,1322,8,'добыча','горизонтальная скв'),(90,2650,8,'добыча','наклонная скв'),(91,9154,1,'добыча','наклонная скв'),(92,4685,8,'нагнетание','горизонтальная скв'),(93,7298,5,'добыча','горизонтальная скв'),(94,1302,6,'нагнетание','наклонная скв'),(95,5418,4,'нагнетание','наклонная скв'),(96,1362,4,'нагнетание','наклонная скв'),(97,4667,7,'добыча','наклонная скв'),(98,8405,8,'нагнетание','горизонтальная скв'),(99,7985,8,'добыча','горизонтальная скв'),(100,9870,8,'добыча','наклонная скв');
/*!40000 ALTER TABLE `well` ENABLE KEYS */;
UNLOCK TABLES;

--
-- Table structure for table `wells_plasts`
--

DROP TABLE IF EXISTS `wells_plasts`;
/*!40101 SET @saved_cs_client     = @@character_set_client */;
/*!40101 SET character_set_client = utf8 */;
CREATE TABLE `wells_plasts` (
  `well_id` bigint(20) unsigned NOT NULL,
  `plast_id` bigint(20) unsigned NOT NULL,
  PRIMARY KEY (`well_id`,`plast_id`),
  KEY `plast_id` (`plast_id`),
  CONSTRAINT `wells_plasts_ibfk_1` FOREIGN KEY (`well_id`) REFERENCES `well` (`id`) ON DELETE CASCADE ON UPDATE CASCADE,
  CONSTRAINT `wells_plasts_ibfk_2` FOREIGN KEY (`plast_id`) REFERENCES `plast` (`id`) ON DELETE CASCADE ON UPDATE CASCADE
) ENGINE=InnoDB DEFAULT CHARSET=utf8mb4 COLLATE=utf8mb4_unicode_ci;
/*!40101 SET character_set_client = @saved_cs_client */;

--
-- Dumping data for table `wells_plasts`
--

LOCK TABLES `wells_plasts` WRITE;
/*!40000 ALTER TABLE `wells_plasts` DISABLE KEYS */;
INSERT INTO `wells_plasts` VALUES (1,5),(1,6),(2,1),(2,2),(2,4),(2,6),(2,7),(3,2),(3,3),(3,4),(4,1),(4,6),(5,6),(5,8),(5,9),(7,3),(7,9),(8,2),(8,10),(9,1),(9,2),(9,3),(9,7),(10,2),(10,8),(11,2),(11,3),(12,3),(12,5),(12,6),(13,1),(13,8),(14,3),(14,6),(14,8),(15,4),(15,10),(16,3),(17,8),(17,9),(18,4),(18,5),(19,4),(19,5),(19,10),(20,3),(20,9),(21,4),(21,7),(21,8),(22,2),(22,4),(23,3),(23,7),(23,10),(24,1),(24,6),(24,9),(25,8),(26,2),(26,4),(26,9),(27,3),(27,6),(27,8),(27,9),(28,1),(28,3),(28,4),(28,6),(28,7),(29,6),(29,10),(30,8),(30,9),(31,7),(31,8),(32,7),(32,8),(32,9),(33,8),(34,9),(36,4),(36,8),(36,9),(37,4),(37,5),(37,8),(37,9),(38,2),(38,10),(39,3),(39,5),(40,5),(40,10),(41,5),(41,6),(43,1),(43,2),(43,5),(43,8),(44,3),(44,7),(44,8),(45,5),(45,6),(45,9),(46,6),(46,7),(46,9),(47,9),(49,3),(49,7),(50,9),(51,5),(51,7),(52,1),(52,2),(52,4),(53,1),(53,4),(53,5),(53,6),(53,8),(54,8),(56,1),(56,5),(56,6),(56,7),(56,8),(56,10),(57,2),(57,4),(57,6),(58,2),(58,3),(58,5),(59,3),(59,8),(60,2),(60,3),(60,4),(60,6),(60,7),(60,8),(61,2),(61,5),(61,9),(63,1),(64,1),(64,5),(64,7),(65,3),(65,8),(66,1),(66,3),(66,4),(66,6),(66,8),(66,9),(66,10),(67,2),(67,4),(67,5),(67,6),(67,7),(67,8),(68,5),(68,10),(69,1),(69,8),(70,6),(70,7),(70,9),(71,1),(71,2),(71,4),(71,10),(72,4),(72,7),(72,8),(72,9),(73,2),(73,3),(73,5),(73,6),(74,3),(74,9),(75,4),(75,9),(76,3),(76,4),(76,5),(76,7),(76,8),(76,10),(77,1),(77,4),(77,6),(78,3),(79,3),(79,5),(79,7),(79,10),(80,2),(80,5),(80,6),(80,7),(80,10),(81,2),(81,7),(81,10),(82,1),(82,3),(82,5),(82,6),(82,7),(83,10),(84,1),(84,6),(84,7),(85,3),(85,4),(85,9),(85,10),(86,1),(86,5),(86,7),(86,8),(87,5),(87,7),(88,3),(88,6),(89,3),(89,4),(89,8),(89,10),(90,4),(91,5),(92,6),(92,8),(92,9),(93,1),(93,2),(93,3),(93,5),(93,7),(93,10),(94,2),(95,8),(97,1),(97,8),(97,10),(98,3),(98,7),(98,9),(99,5),(100,1),(100,3),(100,7);
/*!40000 ALTER TABLE `wells_plasts` ENABLE KEYS */;
UNLOCK TABLES;
/*!40103 SET TIME_ZONE=@OLD_TIME_ZONE */;

/*!40101 SET SQL_MODE=@OLD_SQL_MODE */;
/*!40014 SET FOREIGN_KEY_CHECKS=@OLD_FOREIGN_KEY_CHECKS */;
/*!40014 SET UNIQUE_CHECKS=@OLD_UNIQUE_CHECKS */;
/*!40101 SET CHARACTER_SET_CLIENT=@OLD_CHARACTER_SET_CLIENT */;
/*!40101 SET CHARACTER_SET_RESULTS=@OLD_CHARACTER_SET_RESULTS */;
/*!40101 SET COLLATION_CONNECTION=@OLD_COLLATION_CONNECTION */;
/*!40111 SET SQL_NOTES=@OLD_SQL_NOTES */;

-- Dump completed on 2022-10-12 11:23:29
